Unnamed: 0,Unnamed: 1,Unnamed: 2,Unnamed: 3,Unnamed: 4,Unnamed: 5,Unnamed: 6,Unnamed: 7,Unnamed: 8,D H R,SESSION
BIO F110,BIOLOGY LABORATORY,0- 2 1,1,Gireesha T Mohannath,A122,F,4 5,,30/04 FN,
,,,2,Minali Singh,A122,Th,4 5,,,
,,,3,Vidya Rajesh,A122,T,4 5,,,
,,,4,PIYUSH KHANDELIA,A122,M,4 5,,,
,,,5,Aishwarya Natarajan,A122,W,4 5,,,
,,,6,Anne Lohitha Alias Anuhya,A122,T,7 8,,,
,,,7,Vivek Sharma,A122,M,7 8,,,
,,,8,Aruku Dazo Vadeo,A122,F,7 8,,,
,,,9,Piyush Khandelia,A122,W,7 8,,,
,,,10,Bakhya Shree Gb,A122,S,4 5,,,
,,,11,Anne Lohitha Alias Anuhya,A122,Th,7 8,,,
BIO F111,GENERAL BIOLOGY,3 - 3,1,Pragya Komal,F104,M W F,3,,11/05 AN,
,,,,Suman Kapur,,,,,,
,,,2,K  PRANAV NARAYAN,F102,M W F,9,,,
,,,,Naga Mohan K,,,,,,
,Tutorial,,1,Debashree B,F203,M,1,,,
,,,2,P Sankar Ganesh,G204,M,1,,,
,,,3,Pragya Komal,F201,M,1,,,
,,,4,Vidya Rajesh,F207,M,1,,,
,,,5,Ruchi Jain Dey,F202,M,1,,,
,,,6,K  Pranav Narayan,G208,M,1,,,
,,,7,K  Pranav Narayan,F201,W,6,,,
,,,8,Suman Kapur,G206,M,1,,,
,,,9,Naga Mohan K,G202,M,1,,,
BIO F215,BIOPHYSICS,3 - 3,1,DEBASHREE B,G103,M W F,9,,11/05 FN,
,Tutorial,,,Syeda Sabiha Sultana Lubna,F203,F,1,,,
BIO F216,"WASTE, SANITATION AND SOLID",3 - 3,1,P SANKAR GANESH,,,,,30/04 FN,
,WASTE MANAGEMENT,,,,,,,,,
Unnamed: 0,Unnamed: 1,Unnamed: 2,Unnamed: 3,Unnamed: 4,Unnamed: 5,Unnamed: 6,Unnamed: 7,Unnamed: 8,D H R,SESSION
BIO F241,ECOLOGY & ENVIRONMENTAL,3 - 3,1,P SANKAR GANESH,G103,T Th S,4,,12/05 AN,
,SCIENCE,,,,,,,,,
,Tutorial,,,P Sankar Ganesh,G103,S,5,,,
BIO F242,INTRODUCTION TO,3 - 3,1,V RAMAKRISHNA,G103,M W F,5,,14/05 FN,
,BIOINFORMATICS,,,,,,,,,
,Tutorial,,,I Shivkumar,G103,Th,1,,,
BIO F243,GENETICS,3 - 3,1,PIYUSH KHANDELIA,G103,T Th,5,,08/05 FN,
,,,,Gireesha T Mohannath,,,,,,
,,,,Piyush Khandelia,G103,S,1,,,
,,,,Gireesha T Mohannath,,,,,,
,Tutorial,,,Piyush Khandelia,G103,T,1,,,
BIO F244,INSTRU METHODS OF ANAL,1 3 4,1,Debashree B,G103,M,4,,02/05 FN,
,Practical,,,SRIDEV MOHAPATRA,B108,T Th,7 8 9,,,
,,,,Aishwarya Natarajan,,,,,,
,,,,Anand N,,,,,,
,,,,Devarakonda Himaja,,,,,,
,,,,Dwaipayan Bhattacharya,,,,,,
,,,,Monica,,,,,,
,,,,Raja Gopalan N S,,,,,,
,,,,Ruchi Jain Dey,,,,,,
,,,,Trinath Jamma,,,,,,
,,,,V Ramakrishna,,,,,,
BIO F266,STUDY PROJECT,- - 3,1,PIYUSH KHANDELIA,,,,,,
BIO F341,DEVELOPMENTAL BIOLOGY,3 - 3,1,K  PRANAV NARAYAN,G103,T Th S,3,,06/05 AN,
,,,,Vivek Sharma,,,,,,
,Tutorial,,,Vivek Sharma,F203,W,1,,,
BIO F342,IMMUNOLOGY,3 - 3,1,TRINATH JAMMA,G103,T Th S,2,,04/05 AN,
,Tutorial,,,Kotwal Shifa Bushra,G203,M,1,,,
Unnamed: 0,Unnamed: 1,Unnamed: 2,Unnamed: 3,Unnamed: 4,Unnamed: 5,Unnamed: 6,Unnamed: 7,Unnamed: 8,D H R,SESSION
BIO F366,LABORATORY PROJECT,- - 3,1,PIYUSH KHANDELIA,,,,,,
BIO F367,LABORATORY PROJECT,- - 3,1,PIYUSH KHANDELIA,,,,,,
BIO F376,DESIGN PROJECT,- - 3,1,PIYUSH KHANDELIA,,,,,,
BIO F377,DESIGN PROJECT,- - 3,1,PIYUSH KHANDELIA,,,,,,
BIO G513,MICROBIAL FERMENT TECHNO,3 2 5,1,JAYATI RAY DUTTA,G104,T Th S,4,,12/05 FN,
,Practical,,,S K Venkata Manjari,A123,T Th,6 7,,,
,,,,Mohammed Wasil S,,,,,,
BIO G515,STEM CELL AND REGENERATIVE,3 1 4,1,PRAGYA KOMAL,G104,T Th S,3,,06/05 AN,
,BIOLOGY,,,,,,,,,
,,,,Naga Mohan K,,,,,,
,Practical,,,Pranay Amruth Maroju,A121,F,4 5,,,
,,,,Minali Singh,,,,,,
BIO G523,ADV & APPLIED MICROBIO,3 2 5,1,JAYATI RAY DUTTA,G104,M W F,3,,01/05 AN,
,Practical,,,Naresh Patnaik,A123,T Th,8 9,,,
,,,,Rolly Kumari,,,,,,
BIO G542,ADVANCED CELL AND,- - 5,1,VIDYA RAJESH,G106,T Th S,2,,04/05 AN,
,MOLECULAR BIOLOGY,,,,,,,,,
,Practical,,,R Karthiya,A121,M W,4 5,,,
,,,,Dhansri Krishnamurthy,,,,,,
BIO G643,PLANT BIOTECHNOLOGY,3 2 5,1,GIREESHA T MOHANNATH,G104,M W F,2,,09/05 AN,
,,,,Sridev Mohapatra,,,,,,
,Practical,,,Gireesha T Mohannath,A123,M W,7 8,,,
,,,,Gargi Prasad S,,,,,,
,,,,Neha Priyadarshini,,,,,,
,,,,Sridev Mohapatra,,,,,,
BIOT F347,IMMUNOTECHNOLOGY,3 - 3,1,SUMAN KAPUR,G103,M W F,8,,14/05 AN,
BITS C790T,INDEPENDENT STUDY,- - 2,1,V V KRISHNA VENUGANTI,,,,,,
BITS C791T,TEACHING PRACTICE I,- - 1,1,V V KRISHNA VENUGANTI,,,,,,
Unnamed: 0,Unnamed: 1,Unnamed: 2,Unnamed: 3,Unnamed: 4,Unnamed: 5,Unnamed: 6,Unnamed: 7,Unnamed: 8,D H R,SESSION
BITS C797T,PHD SEMINAR,- - 1,1,V V KRISHNA VENUGANTI,,,,,,
BITS C799T,PHD THESIS,- - 10,1,V V KRISHNA VENUGANTI,,,,,,
BITS E661,RESEARCH METHODOLOGY I,- - 5,1,V V KRISHNA VENUGANTI G204,,M W F,3,,,
,,,,Aswathy Raveendran,,,,,,
,,,,V Vinayaka Ram,,,,,,
BITS E793T,PRACTICE LECT SERIES I,- - 1,1,V V KRISHNA VENUGANTI,,,,,,
BITS F110,ENGINEERING GRAPHICS,1 2 2,1,MOHAN S C F105,,F,1,,13/05 FN,
,,,2,Arshad Javed F102,,F,1,,,
,Practical,,1,TO BE ANNOUNCED D208 B,,M,4 5,,,
,,,,Arshad Javed,,,,,,
,,,2,M Mounika D208 B,,M,7 8,,,
,,,,Amol Vuppuluri,,,,,,
,,,3,Athira Gopinathan D208 B,,W,4 5,,,
,,,,K Monika,,,,,,
,,,4,Bandhan Bandhu Majumdar D208 B,,T,4 5,,,
,,,,Gayatri Vineela M,,,,,,
,,,5,Radha Kiranmaye Bandlamudi D208 B,,Th,4 5,,,
,,,,Pardha Saradhi Gurugubelli V,,,,,,
,,,6,Sk Rahaman D208 B,,F,4 5,,,
,,,,Pavan Kumar P,,,,,,
,,,7,Jittin Varghese D208 B,,S,4 5,,,
,,,,Piyush Chandra Verma,,,,,,
,,,8,Sandra Maria Cherian D208 B,,W,7 8,,,
,,,,Petla Sivateja,,,,,,
,,,9,Anasua Guharay D208 B,,F,7 8,,,
,,,,Jagan Mohan Ponnada,,,,,,
,Tutorial,,1,K Rajitha F201,,W,1,,,
Unnamed: 0,Unnamed: 1,Unnamed: 2,Unnamed: 3,Unnamed: 4,Unnamed: 5,Unnamed: 6,Unnamed: 7,Unnamed: 8,D H R,SESSION
,,,2,Ch Bala Venkata Hareen,F202,W,1,,,
,,,3,R Kruthi Kiran,G106,W,1,,,
,,,4,Uppari Ramakrishna,G207,W,1,,,
,,,5,Arshad Javed,G204,W,1,,,
,,,6,Amol Vuppuluri,G206,W,1,,,
,,,7,Pavan Kumar P,G208,W,1,,,
,,,8,Piyush Chandra Verma,F207,W,1,,,
,,,9,Pardha Saradhi Gurugubelli V,G202,W,1,,,
BITS F111,THERMODYNAMICS,3 - 3,1,D PURNIMA,F104,T Th S,3,,06/05 FN,
,,,2,N Jalaiah,F105,T Th S,3,,,
,Tutorial,,1,Satyapaul Singh Amarthaluri,F203,T Th,1,,,
,,,2,Pankaj Kumar,G206,T Th,1,,,
,,,3,Ramesh Babu A,G104,T Th,1,,,
,,,4,Nandini Bhandaru,G102,T Th,1,,,
,,,5,N Jalaiah,F207,T Th,1,,,
,,,6,M Srinivas,F208,T Th,1,,,
,,,7,Supradeepan K,G205,T Th,1,,,
,,,8,KRC Murthy,F107,T Th,1,,,
,,,9,G R Sabareesh,F108,T Th,1,,,
BITS F112,TECHNICAL REPORT WRITING,2 - 2,1,MG PRASUNA,F108,M W,6,,15/05 FN,
,,,2,MG Prasuna,F108,T Th,7,,,
,,,3,Maya Vinay,F107,M W,6,,,
,,,4,Maya Vinay,F107,M W,2,,,
,,,5,Aruna Lolla,F108,M W,2,,,
,,,6,Aruna Lolla,F107,T Th,7,,,
BITS F114,GENERAL MATHEMATICS II,3 - 3,1,A RAMU,G101,T Th S,3,,01/05 FN,
,Tutorial,,,A Ramu,G104,T,9,,,
Unnamed: 0,Unnamed: 1,Unnamed: 2,Unnamed: 3,Unnamed: 4,Unnamed: 5,Unnamed: 6,Unnamed: 7,Unnamed: 8,D H R,SESSION
,,,,R Revathi,,,,,,
BITS F214,SCIENCE TECH & MODERNITY,3 - 3,1,BISWANATH DASH J206,,M W F,9,,05/05 AN,
BITS F219,PROCESS ENGINEERING,3 - 3,1,SWATI BISWAS G101,,M W,4,,02/05 AN,
,Practical,,1,Swati Biswas A022,,T,7 8,,,
,,,,Kumbham Soniya,,,,,,
,,,2,Swati Biswas A022,,Th,7 8,,,
,,,,Bhatt Himanshu Narendrakumar,,,,,,
,Tutorial,,,Swati Biswas G101,,F,4,,,
BITS F225,ENVIRONMENTAL STUDIES,3 - 3,1,KARTHIK CHETAN F102,,T Th S,2,,15/05 AN,
,,,,Anmala Jagadeesh,,,,,,
,,,,Vivek Sharma,,,,,,
BITS F312,NEURAL NETWORKS AND FUZZY,3 - 3,1,RAJESH KUMAR TRIPATHY I210,,T Th S,5,,08/05 FN,
,LOGIC,,,,,,,,,
BITS F313,MULTICRITERION DEC MAKING,3 - 3,1,K SRINIVASA RAJU F201,,T Th S,4,,12/05 FN,
,IN ENGG & MGMT,,,,,,,,,
BITS F314,GAME THEORY AND ITS,3 - 3,1,DURGESH C PATHAK J120,,M W F,3,,01/05 AN,
,APPLICATIONS,,,,,,,,,
BITS F319,NEGOTIATION SKILLS AND,2 - 2,1,R RAGHUNATHAN J120,,T Th,6,,15/05 FN,
,TECHNIQUES,,,,,,,,,
BITS F385,INTRO TO GENDER STUDIES,3 - 3,1,ASWATHY RAVEENDRAN J217,,M W F,7,,13/05 FN,
BITS F399,HUMANISTIC THEO OF SC &,3 - 3,1,ASWATHY RAVEENDRAN J119,,T Th S,3,,06/05 AN,
,TECH,,,,,,,,,
BITS F412,PRACTICE SCHOOL II,- - 20,1,P SANKAR GANESH,,,,,,
BITS F413,PRACTICE SCHOOL II,- - 20,1,P SANKAR GANESH,,,,,,
BITS F415,INTRODUCTION TO MEMS,3 1 4,1,SANKET GOEL I210,,M W F,7,,13/05 FN,
,,,,Satish K Dubey,,,,,,
,Practical,,,Sanket Goel D208 A,,T,8 9,,,
,,,,A Uday Kumar,,,,,,
,,,,K Avinash,,,,,,
,,,,Satish K Dubey,,,,,,
Unnamed: 0,Unnamed: 1,Unnamed: 2,Unnamed: 3,Unnamed: 4,Unnamed: 5,Unnamed: 6,Unnamed: 7,Unnamed: 8,D H R,SESSION
,,,,Sohan Dudala,,,,,,
BITS F417,MICRO-FLUIDICS & ITS APP,- - 4,1,SATISH K DUBEY,G206,T Th S,4,,12/05 FN,
,,,,Sanket Goel,,,,,,
,Practical,,,Satish K Dubey,D208 B,Th,6 7,,,
,,,,Sangam Srikanth,,,,,,
,,,,Sanket Goel,,,,,,
BITS F421T,THESIS,- - 16,1,A VASAN,,,,,,
BITS F422T,THESIS,- - 16,1,A VASAN,,,,,,
BITS F423T,THESIS,- - 9,1,A VASAN,,,,,,
BITS F424T,THESIS,- - 9,1,A VASAN,,,,,,
BITS F441,ROBOTICS,3 - 3,1,ARSHAD JAVED,I210,M W F,9,,11/05 FN,
BITS F442,REMOTE SENS & IMAGE PROC,3 - 3,1,K RAJITHA,F203,M W F,8,,14/05 AN,
BITS F446,PATTERN RECOGNITION,3 - 3,1,PK THIRUVIKRAMAN,G201,M W F,9,,11/05 FN,
BITS F463,CRYPTOGRAPHY,3 - 3,1,G GEETHAKUMARI,F106,M W F,8,,14/05 AN,
,,,,K V V S Pravallika,,,,,,
BITS F464,MACHINE LEARNING,3 - 3,1,NL BHANUMURTHY,F106,M W F,10,,03/05 FN,
,,,,Mohita Ghildiyal,,,,,,
BITS F467,BIOETHICS AND BIOSAFETY,3 - 3,1,RUCHI JAIN DEY,G104,M W F,9,,11/05 FN,
,,,,Pragya Komal,,,,,,
BITS G513,STUDY IN ADVANCED TOPICS,- - 5,1,V V KRISHNA VENUGANTI,,,,,,
BITS G529,RESEARCH PROJECT I,- - 6,1,V V KRISHNA VENUGANTI,,,,,,
BITS G539,RESEARCH PROJECT II,- - 6,1,V V KRISHNA VENUGANTI,,,,,,
BITS G540,RESEARCH PRACTICE,- - 4,1,V V KRISHNA VENUGANTI,,,,,,
BITS G562T,DISSERTATION,- - 16,1,V V KRISHNA VENUGANTI,,,,,,
BITS G563T,DISSERTATION,- - 16,1,V V KRISHNA VENUGANTI,,,,,,
BITS G629T,DISSERTATION,- - 16,1,V V KRISHNA VENUGANTI,,,,,,
BITS G639,PRACTICE SCHOOL,- - 20,1,P SANKAR GANESH,,,,,,
Unnamed: 0,Unnamed: 1,Unnamed: 2,Unnamed: 3,Unnamed: 4,Unnamed: 5,Unnamed: 6,Unnamed: 7,Unnamed: 8,D H R,SESSION
BITS G649,READING COURSE,- - 5,1,V V KRISHNA VENUGANTI,,,,,,
BITS G661,RESEARCH METHODOLOGY I,- - 5,1,D PURNIMA F203,,M W F,4,,04/05 FN,
,,,,Premanath,,,,,,
,,,,S Aparna,,,,,,
,,,,Ved Prakash Mishra,,,,,,
CE F241,ANALYSIS OF STRUCTURES,3 - 3,1,CHANDU PARIMI F109,,T Th S,4,,12/05 AN,
,Tutorial,,1,Chandu Parimi F201,,T,1,,,
,,,2,Chandu Parimi F201,,Th,1,,,
CE F242,CONSTRUCTION PLANNING &,3 - 3,1,A VASAN F109,,T Th S,5,,08/05 FN,
,TECH,,,,,,,,,
,Tutorial,,1,Surya Prakash CH D208 C,,T,1,,,
,,,2,Sheik Mohammed Zoheb NawaDz208 C,,S,1,,,
CE F243,SOIL MECHANICS,3 1 4,1,ANASUA GUHARAY F109,,M W F,4,,02/05 FN,
,Practical,,1,Syed Mazhar D125,,M,7 8,,,
,,,2,G Sachin Chakravart D125,,W,2 3,,,
,,,3,M Jayatheja D125,,F,2 3,,,
,Tutorial,,1,Anasua Guharay F109,,S,1,,,
,,,2,Anasua Guharay F109,,T,7,,,
CE F244,HIGHWAY ENGINEERING,3 1 4,1,V VINAYAKA RAM F109,,M W F,5,,14/05 FN,
,Practical,,1,Vuthipalli Harshitha WS,,W,7 8,,,
,,,,V Vinayaka Ram,,,,,,
,,,2,Vineesha Chundi WS,,M,2 3,,,
,,,,Bandhan Bandhu Majumdar,,,,,,
,,,3,Mallikarjun Patil V WS,,F,7 8,,,
,,,,V Vinayaka Ram,,,,,,
,Tutorial,,1,V Vinayaka Ram F202,,Th,1,,,
,,,2,V Vinayaka Ram F201,,T,7,,,
CE F266,STUDY PROJECT,- - 3,1,PN RAO,,,,,,
Unnamed: 0,Unnamed: 1,Unnamed: 2,Unnamed: 3,Unnamed: 4,Unnamed: 5,Unnamed: 6,Unnamed: 7,Unnamed: 8,D H R,SESSION
CE F321,ENGINEERING HYDROLOGY,3 - 3,1,K SRINIVASA RAJU F109,,M W F,3,,01/05 AN,
,Tutorial,,,K Srinivasa Raju F109,,F,1,,,
CE F342,WATER & WASTEWATER TREAT,3 1 4,1,MURARI R R VARMA F109,,T Th S,2,,04/05 AN,
,Practical,,1,R Madhuri D108,,M,4 5,,,
,,,2,M Naveen Naidu D108,,W,4 5,,,
,,,3,T Venkateswarlu D108,,F,4 5,,,
,Tutorial,,,Murari R R Varma F109,,M,1,,,
CE F343,DESIGN OF STEEL STRUCTURES,3 - 3,1,PN RAO F109,,T Th S,3,,06/05 AN,
,Tutorial,,,PN Rao F109,,W,1,,,
CE F366,LABORATORY PROJECT,- - 3,1,ARKAMITRA KAR,,,,,,
CE F367,LABORATORY PROJECT,- - 3,1,ARKAMITRA KAR,,,,,,
CE F376,DESIGN PROJECT,- - 3,1,BANDHAN BANDHU MAJUMDAR,,,,,,
CE F377,DESIGN PROJECT,- - 3,1,BANDHAN BANDHU MAJUMDAR,,,,,,
CE F415,DES OF PREST CONC STRUCT,3 - 3,1,BAHURUDEEN A F202,,T Th S,5,,08/05 AN,
CE F416,COMP APPL IN CIVIL ENGG,2 2 4,1,ARKAMITRA KAR F203,,T Th,4,,12/05 FN,
,Practical,,,Arkamitra Kar D208 B,,T Th,8 9,,,
CE F420,INTRO TO BRIDGE ENGG,3 - 3,1,PN RAO F201,,M W F,9,,11/05 FN,
CE F423,GREEN BUILD & ENER CONSE,3 - 3,1,MURARI R R VARMA F201,,T Th S,5,,08/05 AN,
CE F425,AIRPORT RAIL & WATERWAYS,3 - 3,1,BANDHAN BANDHU MAJUMDAFR109,,M W F,7,,13/05 FN,
CE F431,PRIN OF GEO INFO SYST,3 1 4,1,K RAJITHA F202,,T Th S,4,,12/05 FN,
,Practical,,,K Rajitha D208 C,,F,4 5,,,
CE F432,STRUCTURAL DYNAMICS,3 - 3,1,CHANDU PARIMI F109,,M W F,2,,09/05 AN,
CE F435,INTRODUCTION TO FEM,3 - 3,1,ANMALA JAGADEESH F201,,M W F,2,,09/05 AN,
CE G514,STRUCTURAL OPTIMIZATION,3 1 4,1,A VASAN F201,,M W F,5,,04/05 AN,
CE G518,PAVEMENT ANALYSIS & DES,3 1 4,1,SRIDHAR RAJU F204,,T Th S,4,,02/05 AN,
,Practical,,,Sridhar Raju D224,,M,2 3,,,
CE G524,URBAN MASS TRAN PLAN OP,3 1 4,1,PRASANTA KUMAR SAHU F204,,T Th S,5,,04/05 AN,
Unnamed: 0,Unnamed: 1,Unnamed: 2,Unnamed: 3,Unnamed: 4,Unnamed: 5,Unnamed: 6,Unnamed: 7,Unnamed: 8,D H R,SESSION
,Practical,,,Prasanta Kumar Sahu,D224,F,2 3,,,
CE G546,HIGHWAY CONS PRACTICES,3 1 4,1,SRIDHAR RAJU,F204,M W F,5,,06/05 AN,
,,,,Prasanta Kumar Sahu,,,,,,
,Practical,,,Sridhar Raju,LAB,Th,8 9,,,
,,,,Prasanta Kumar Sahu,,,,,,
CE G562,ADVANCED CONCRETE,3 1 4,1,ARKAMITRA KAR,F201,M W F,4,,09/05 FN,
,TECHNOLOGY,,,,,,,,,
,Practical,,,Arkamitra Kar,D119,W,8 9,,,
CE G613,ADV CONCRETE STRUCTURES,3 1 4,1,BAHURUDEEN A,F201,M W F,3,,06/05 AN,
,Practical,,,Bahurudeen A,D124,T,8 9,,,
CE G615,EARTHQUAKE ENGINEERING,3 1 4,1,MOHAN S C,F201,T Th S,3,,02/05 AN,
,Practical,,,Mohan S C,WS,M,7 8,,,
CHE F241,HEAT TRANSFER,3 - 3,1,VED PRAKASH MISHRA,F205,T Th S,4,,12/05 AN,
,Tutorial,,,Ved Prakash Mishra,F205,T,1,,,
CHE F242,NUM METHOD FOR CHEM ENGG,3 - 3,1,VIKRANT KUMAR S,F205,T Th S,5,,08/05 FN,
,Tutorial,,,Vikrant Kumar S,D208 A,T,7,,,
CHE F243,MATERIAL SCIENCE &,3 - 3,1,NANDINI BHANDARU,F205,M W F,5,,14/05 FN,
,ENGINEERING,,,,,,,,,
,Tutorial,,,Nandini Bhandaru,F205,S,1,,,
CHE F244,SEPARATION PROCESSES I,3 - 3,1,BALAJI KRISHNAMURTHY,F205,M W F,4,,02/05 FN,
,Tutorial,,,Balaji Krishnamurthy,F205,Th,1,,,
CHE F266,STUDY PROJECT,- - 3,1,SRIKANTA DINDA,,,,,,
CHE F341,CHEMICAL ENGG LAB II,- 3 3,1,I SREEDHAR,D226,M W,2 3 4,,,
,,,,Nithin Bharadwaj,,,,,,
,,,,Yaddanapudi Varun,,,,,,
,,,2,Karthik Chetan,D226,M W,2 3 4,,,
,,,,Suresh Kanuri,,,,,,
,,,,Vadlakonda Ravi Kiran Varma,,,,,,
Unnamed: 0,Unnamed: 1,Unnamed: 2,Unnamed: 3,Unnamed: 4,Unnamed: 5,Unnamed: 6,Unnamed: 7,Unnamed: 8,D H R,SESSION
CHE F342,PROCESS DYN & CONTROL,3 - 3,1,JAIDEEP CHATTERJEE F205,,T Th S,2,,04/05 AN,
,Tutorial,,,Jaideep Chatterjee F205,,M,1,,,
CHE F343,PROCESS DES PRINCIPLE II,3 - 3,1,SATYAPAUL SINGH AMARTHALFU20R5I,,T Th S,3,,06/05 AN,
,Tutorial,,,Satyapaul Singh Amarthaluri D208 B,,T,7,,,
CHE F366,LABORATORY PROJECT,- - 3,1,NANDINI BHANDARU,,,,,,
CHE F367,LABORATORY PROJECT,- - 3,1,NANDINI BHANDARU,,,,,,
CHE F376,DESIGN PROJECT,- - 3,1,VIKRANT KUMAR S,,,,,,
CHE F377,DESIGN PROJECT,- - 3,1,VIKRANT KUMAR S,,,,,,
CHE F418,MODEL & SIMU IN CHE ENGG,3 - 3,1,ANGAN SENGUPTA D208 C,,M W F,7,,13/05 FN,
,,,,Vikrant Kumar S,,,,,,
CHE F419,CHEMICAL PROCESS TECH,3 - 3,1,RAMESH BABU A G207,,T Th S,4,,12/05 FN,
CHE F498,COLLOIDS AND INTERFACE,3 - 3,1,JAIDEEP CHATTERJEE G207,,T Th S,5,,08/05 AN,
,ENGINEERING,,,,,,,,,
,,,,Nandini Bhandaru,,,,,,
CHE G552,ADV TRANSPORT PHENOMENA,5 - 5,1,BALAJI KRISHNAMURTHY G106,,T Th S,5,,08/05 AN,
,,,,P Saikiran,,,,,,
CHE G617,PETROLEUM REFINERY,3 2 5,1,SRIKANTA DINDA G106,,T Th S,4,,12/05 FN,
,ENGINEERING,,,,,,,,,
,Practical,,,Srikanta Dinda D227A,,T,7 8 9,,,
,,,,Vuchuru Kalyan,,,,,,
CHE G641,REACTION ENGINEERING,3 2 5,1,PANKAJ KUMAR F203,,M W F,3,,01/05 AN,
,Practical,,,Srikanta Dinda D226,,Th,7 8 9,,,
,,,,P Pradeep Reddy,,,,,,
CHEM F110,CHEMISTRY LABORATORY,- 2 1,1,N RAJESH B124,,S,4 5,,,
,,,,Deepthi Priyanka Damera,,,,,,
,,,2,Durba Roy B124,,M,4 5,,,
,,,,Banchhanidhi Prusti,,,,,,
,,,3,KVG Chandrasekhar B229,,M,7 8,,,
Unnamed: 0,Unnamed: 1,Unnamed: 2,Unnamed: 3,Unnamed: 4,Unnamed: 5,Unnamed: 6,Unnamed: 7,Unnamed: 8,D H R,SESSION
,,,,Soumitra Payra,,,,,,
,,,4,K Sumithra,B229,T,7 8,,,
,,,,Arunraj B,,,,,,
,,,5,Amit Nag,B124,W,4 5,,,
,,,,B Hima Bindu,,,,,,
,,,6,Chanchal Chakravarthy,B124,F,4 5,,,
,,,,Susmita Roy,,,,,,
,,,7,R Krishnan,B124,F,7 8,,,
,,,,Aluri Ravallika,,,,,,
,,,8,Himanshu Aggarwal,B229,W,7 8,,,
,,,,Sruthi Peesapati,,,,,,
,,,9,Himanshu Aggarwal,B229,Th,7 8,,,
,,,,Meenu P C,,,,,,
,,,10,J Subbalakshmi,B124,Th,4 5,,,
,,,,Sahithi Reddy Andru,,,,,,
,,,11,J Subbalakshmi,B124,T,4 5,,,
,,,,Nilanjana Mukherjee,,,,,,
CHEM F111,GENERAL CHEMISTRY,3 - 3,1,BALAJI GOPALAN,F105,M W F,3,,11/05 AN,
,,,,KVG Chandrasekhar,,,,,,
,,,2,Tanmay Chatterjee,F103,T Th S,2,,,
,,,,Amit Nag,,,,,,
,Tutorial,,1,Tanmay Chatterjee,G101,M W,1,,,
,,,2,Amit Nag,G105,M W,1,,,
,,,3,Manab Chakravarty,G103,M W,1,,,
,,,4,Sounak Roy,G104,M W,1,,,
,,,5,Balaji Gopalan,G105,T Th,8,,,
,,,6,KVG Chandrasekhar,G106,T Th,8,,,
Unnamed: 0,Unnamed: 1,Unnamed: 2,Unnamed: 3,Unnamed: 4,Unnamed: 5,Unnamed: 6,Unnamed: 7,Unnamed: 8,D H R,SESSION
,,,7,Chanchal Chakravarthy,G107,M W,1,,,
,,,8,Subit Kumar Saha,G201,M W,1,,,
,,,9,Himanshu Aggarwal,G108,M W,1,,,
CHEM F223,COLLOID & SURFACE CHEM,3 - 3,1,RAMAKRISHNAN G,G205,T Th S,5,,08/05 AN,
CHEM F241,INORGANIC CHEMISTRY II,3 - 3,1,SOUNAK ROY,G204,T Th S,5,,08/05 FN,
,Tutorial,,,Sounak Roy,G204,T,1,,,
CHEM F242,CHEMICAL EXPER I,- 3 3,1,TANMAY CHATTERJEE,B124,T Th,7 8 9,,,
,,,,Anupam Bhattacharya,,,,,,
,,,,Khetmalis Yogesh Mahadu,,,,,,
,,,,Madhuparna Chakraborty,,,,,,
,,,,Nandikolla Adinarayana,,,,,,
,,,,Sameer Singh,,,,,,
,,,,Sd Anwarhussaini,,,,,,
,,,,Shouvik Bhuin,,,,,,
,,,,T Leelasree,,,,,,
CHEM F243,ORGANIC CHEMISTRY II,3 - 3,1,ANUPAM BHATTACHARYA,G204,T Th S,4,,12/05 AN,
,,,,Manab Chakravarty,,,,,,
,Tutorial,,,Manab Chakravarty,G202,M,3,,,
,,,,Anupam Bhattacharya,,,,,,
CHEM F244,PHYSICAL CHEMISTRY III,3 - 3,1,K SUMITHRA,G204,M W F,4,,02/05 FN,
,Tutorial,,,K Sumithra,G204,S,1,,,
CHEM F266,STUDY PROJECT,- - 3,1,AMIT NAG,,,,,,
CHEM F327,ELECTROCHEM FUNDA & APPL,3 - 3,1,DURBA ROY,G204,M W F,8,,14/05 AN,
CHEM F329,ANALYTICAL CHEMISTRY,3 1 4,1,N RAJESH,G204,M W F,7,,13/05 FN,
,Practical,,,N Rajesh,G204,M,10 11,,,
CHEM F341,CHEMICAL EXPER II,- 4 4,1,SUBIT KUMAR SAHA,B124,M W,7 8 9,,,
,,,,B Aniket Diliprao,,,,,,
Unnamed: 0,Unnamed: 1,Unnamed: 2,Unnamed: 3,Unnamed: 4,Unnamed: 5,Unnamed: 6,Unnamed: 7,Unnamed: 8,D H R,SESSION
,,,,Balaji Gopalan,,,,,,
,,,,Dinabandhu Patra,,,,,,
,,,,Kaja Sravani,,,,,,
,,,,Ramakrishnan G,,,,,,
,,,,Reeshma Rameshan,,,,,,
,,,,Rishika Aggrawal,,,,,,
,,,,Rituparna Hazra,,,,,,
,,,,Sayantan Halder,,,,,,
CHEM F342,ORGANIC CHEMISTRY IV,3 - 3,1,MANAB CHAKRAVARTY,G207,T Th S,2,,04/05 AN,
,,,,Anupam Bhattacharya,,,,,,
,Tutorial,,,Manab Chakravarty,G207,F,1,,,
,,,,Anupam Bhattacharya,,,,,,
CHEM F343,INORGANIC CHEMISTRY III,3 - 3,1,R KRISHNAN,G207,T Th S,3,,06/05 AN,
,Tutorial,,,R Krishnan,G207,M,1,,,
CHEM F366,LABORATORY PROJECT,- - 3,1,DURBA ROY,,,,,,
CHEM F367,LABORATORY PROJECT,- - 3,1,DURBA ROY,,,,,,
CHEM F376,DESIGN PROJECT,- - 3,1,CHANCHAL CHAKRAVARTHY,,,,,,
CHEM F377,DESIGN PROJECT,- - 3,1,CHANCHAL CHAKRAVARTHY,,,,,,
CHEM F414,BIO & CHEMICAL SENSORS,3 - 3,1,J SUBBALAKSHMI,G204,M W F,9,,11/05 FN,
CHEM G521,ENVIRONMENTAL CHEMISTRY,- - 5,1,N RAJESH,G203,M W F,2,,09/05 AN,
CHEM G552,ADVANCED INORGANIC,- - 5,1,R KRISHNAN,F205,M W F,3,,01/05 AN,
,CHEMISTRY,,,,,,,,,
,,,,Himanshu Aggarwal,,,,,,
CHEM G553,ADVANCED PHYSICAL,- - 5,1,K SUMITHRA,G107,T Th S,3,,06/05 AN,
,CHEMISTRY,,,,,,,,,
,,,,Subit Kumar Saha,,,,,,
CHEM G561,HETEROCYCLIC CHEMISTRY,- - 5,1,KVG CHANDRASEKHAR,G203,T Th S,5,,08/05 FN,
,,,,Tanmay Chatterjee,,,,,,
Unnamed: 0,Unnamed: 1,Unnamed: 2,Unnamed: 3,Unnamed: 4,Unnamed: 5,Unnamed: 6,Unnamed: 7,Unnamed: 8,D H R,SESSION
CS F111,COMPUTER PROGRAMMING,3 1 4,1,CHITTARANJAN HOTA,F105,T Th S,2,,04/05 FN,
,,,2,Odelu Vanga,F103,M W F,9,,,
,Practical,,1,Odelu Vanga,D311,M,4 5,,,
,,,,K Sai Anirudh,,,,,,
,,,2,Rakesh Pandey,D311,T,4 5,,,
,,,,Rashmi Sahay,,,,,,
,,,3,Ramaswamy Venkatakrishnan,D311,M,7 8,,,
,,,4,Paresh Saxena,D311,Th,4 5,,,
,,,,Rashmi Sahay,,,,,,
,,,5,D V N Siva Kumar,D311,W,7 8,,,
,,,,Rajesh Kumar Shrivastava,,,,,,
,,,6,D V N Siva Kumar,D311,F,7 8,,,
,,,,Sanket Mishra,,,,,,
,,,7,Paresh Saxena,D311,F,4 5,,,
,,,,Mohita Ghildiyal,,,,,,
,,,8,Rakesh Pandey,D311,W,4 5,,,
,,,,K Sai Anirudh,,,,,,
,,,9,Ramaswamy Venkatakrishnan,D311,S,4 5,,,
CS F211,DATA STRUCTURES & ALGO,3 1 4,1,NL BHANUMURTHY,F102,T Th S,5,,08/05 FN,
,Practical,,1,Barsha Mitra,D313,M,4 5,,,
,,,,Rajita BSAS,,,,,,
,,,2,Odelu Vanga,D313,F,2 3,,,
,,,,Priyanka Rushikesh Chaudhary,,,,,,
,,,3,Manajanna B,D313,M,2 3,,,
,,,,T Sahithi,,,,,,
,,,4,Manajanna B,D313,W,2 3,,,
,,,,Barsha Mitra,,,,,,
Unnamed: 0,Unnamed: 1,Unnamed: 2,Unnamed: 3,Unnamed: 4,Unnamed: 5,Unnamed: 6,Unnamed: 7,Unnamed: 8,D H R,SESSION
,,,5,Barsha Mitra D313,,F,4 5,,,
,,,,Rajita BSAS,,,,,,
,,,6,Ramaswamy Venkatakrishnan D313,,F,7 8,,,
,,,,Priyanka Rushikesh Chaudhary,,,,,,
,Tutorial,,1,Barsha Mitra G106,,T,1,,,
,,,2,Odelu Vanga G107,,T,1,,,
,,,3,Manajanna B G106,,Th,1,,,
,,,4,Ramaswamy Venkatakrishnan G107,,Th,1,,,
CS F212,DATA BASE SYSTEMS,3 1 4,1,R GURURAJ F102,,M W F,5,,14/05 FN,
,Practical,,1,Lov Kumar D311,,M,2 3,,,
,,,,Deepa Kumari,,,,,,
,,,2,Lov Kumar D311,,W,2 3,,,
,,,3,R Gururaj D311,,T,7 8,,,
,,,,Deepa Kumari,,,,,,
,,,4,R Gururaj D311,,F,2 3,,,
,,,,Ramisetty Kavya,,,,,,
,,,5,Jabez J Christopher D311,,Th,7 8,,,
,,,,Ramisetty Kavya,,,,,,
,Tutorial,,1,Lov Kumar G105,,S,1,,,
,,,2,R Gururaj G106,,S,1,,,
,,,3,Jabez J Christopher G107,,S,1,,,
CS F213,OBJECT ORIENTED PROG,3 1 4,1,SUBHRAKANTA PANDA F103,,M W F,7,,13/05 FN,
,Practical,,1,Surender Singh S D313,,T,8 9,,,
,,,2,Surender Singh S D313,,S,7 8,,,
,,,3,Surender Singh S D331A,,M,4 5,,,
CS F241,MICROPROC & INTERFACING,3 1 4,1,MB SRINIVAS F105,,T Th S,4,,02/05 FN,
,,,2,MB Srinivas F105,,M W F,4,,,
Unnamed: 0,Unnamed: 1,Unnamed: 2,Unnamed: 3,Unnamed: 4,Unnamed: 5,Unnamed: 6,Unnamed: 7,Unnamed: 8,D H R,SESSION
,Practical,,1,Suvadip Batabyal I012,,M,2 3,,,
,,,,Renuka.H,,,,,,
,,,2,Karumbaiah Chappanda NanaiahI012,,W,2 3,,,
,,,,Renuka.H,,,,,,
,,,3,Karumbaiah Chappanda NanaiahI012,,M,7 8,,,
,,,,P Michael Preetam Raj,,,,,,
,,,4,Soumya J I012,,W,7 8,,,
,,,,P Michael Preetam Raj,,,,,,
,,,5,S K Sahoo I013,,W,7 8,,,
,,,,Puneeth S B,,,,,,
,,,6,S K Sahoo I013,,M,7 8,,,
,,,,Puneeth S B,,,,,,
,,,,Swapna Challagundla,,,,,,
,,,7,Runa Kumari I013,,T,7 8,,,
,,,,Prakash Palasram R,,,,,,
,,,,Swapna Challagundla,,,,,,
,,,8,Runa Kumari I013,,F,7 8,,,
,,,,Prakash Palasram R,,,,,,
,,,9,Ramakant I013,,M,2 3,,,
,,,,G Jayeshkumar Pintubhai,,,,,,
,,,10,Ramakant I013,,W,2 3,,,
,,,,G Jayeshkumar Pintubhai,,,,,,
,,,11,Ramakant I013,,F,2 3,,,
,,,,Naveen Bokka,,,,,,
,,,12,Sandeep Kumar I012,,T,7 8,,,
,,,,Naveen Bokka,,,,,,
,,,13,Prashant Wali I012,,F,7 8,,,
Unnamed: 0,Unnamed: 1,Unnamed: 2,Unnamed: 3,Unnamed: 4,Unnamed: 5,Unnamed: 6,Unnamed: 7,Unnamed: 8,D H R,SESSION
,,,,Priyanka B G,,,,,,
,,,14,Ramakant,I013,Th,7 8,,,
,,,,Priyanka B G,,,,,,
,,,15,Suvadip Batabyal,I012,F,2 3,,,
,,,,Sarda Sharma,,,,,,
,,,,Venkatarao Selamneni,,,,,,
,,,16,Soumya J,I012,Th,7 8,,,
,,,,Sarda Sharma,,,,,,
,Tutorial,,1,Suvadip Batabyal,I111,T,1,,,
,,,2,MB Srinivas,I111,Th,1,,,
,,,3,Amit Ranjan Azad,I112,T,1,,,
,,,4,Amit Ranjan Azad,I112,Th,1,,,
,,,5,Prashant Wali,I113,T,1,,,
,,,6,Prashant Wali,I113,Th,1,,,
,,,7,TO BE ANNOUNCED,I114,T,1,,,
,,,8,TO BE ANNOUNCED,I114,Th,1,,,
,,,9,Sanjay Vidhyadharan,I222,T,1,,,
,,,10,Suvadip Batabyal,I222,Th,1,,,
CS F266,STUDY PROJECT,- - 3,1,SURENDER SINGH S,,,,,,
CS F303,COMPUTER NETWORKS,3 1 4,1,DIPANJAN CHAKRABORTY,F102,M W F,2,,09/05 AN,
,Practical,,1,D V N Siva Kumar,D313,T,2 3,,,
,,,,Pattiwar Shravan Kumar,,,,,,
,,,2,Manik Gupta,D312,F,4 5,,,
,,,,Mandan Naresh,,,,,,
,,,3,Suvadip Batabyal,D312,T,8 9,,,
,,,,Pattiwar Shravan Kumar,,,,,,
,,,4,Suvadip Batabyal,D313,Th,8 9,,,
Unnamed: 0,Unnamed: 1,Unnamed: 2,Unnamed: 3,Unnamed: 4,Unnamed: 5,Unnamed: 6,Unnamed: 7,Unnamed: 8,D H R,SESSION
,,,,Mandan Naresh,,,,,,
,,,5,Manik Gupta,D313,W,4 5,,,
,,,,K V V S Pravallika,,,,,,
,Tutorial,,1,D V N Siva Kumar,F106,M,1,,,
,,,2,Manik Gupta,F208,F,1,,,
CS F342,COMPUTER ARCHITECTURE,3 1 4,1,CHETAN KUMAR V,F101,T Th S,4,,12/05 FN,
,Practical,,1,Chetan Kumar V,I013,M,4 5,,,
,,,,Sharvani Gadgil,,,,,,
,,,2,Chetan Kumar V,I013,W,4 5,,,
,,,,Sharvani Gadgil,,,,,,
,,,3,Chetan Kumar V,I013,F,4 5,,,
,,,,TO BE ANNOUNCED,,,,,,
CS F363,COMPILER CONSTRUCTION,2 1 3,1,ARUNA MALAPATI,F102,M W,3,,01/05 AN,
,Practical,,1,Aruna Malapati,D331A,T,8 9,,,
,,,2,TO BE ANNOUNCED,D312,M,4 5,,,
,,,,Sanghamitra Samanta,,,,,,
,,,3,R Gururaj,D312,Th,8 9,,,
,,,,Gourish Goudar,,,,,,
,,,4,TO BE ANNOUNCED,D312,W,4 5,,,
,,,,Sanghamitra Samanta,,,,,,
,,,5,TO BE ANNOUNCED,D313,Th,2 3,,,
,,,,Gourish Goudar,,,,,,
,Tutorial,,1,Aruna Malapati,F104,M,1,,,
,,,2,Aruna Malapati,F104,W,1,,,
CS F364,DESIGN & ANAL OF ALGO,3 - 3,1,TATHAGAT RAY,F102,M W F,8,,14/05 AN,
,Tutorial,,1,Rajib Ranjan Maiti,I213,F,1,,,
,,,,Srijanee Mookherji,,,,,,
Unnamed: 0,Unnamed: 1,Unnamed: 2,Unnamed: 3,Unnamed: 4,Unnamed: 5,Unnamed: 6,Unnamed: 7,Unnamed: 8,D H R,SESSION
,,,2,Tathagat Ray,I213,W,1,,,
,,,,Srijanee Mookherji,,,,,,
,,,3,TO BE ANNOUNCED,I211,F,1,,,
,,,4,TO BE ANNOUNCED,I211,W,1,,,
CS F366,LABORATORY PROJECT,- - 3,1,SURENDER SINGH S,,,,,,
CS F367,LABORATORY PROJECT,- - 3,1,SURENDER SINGH S,,,,,,
CS F372,OPERATING SYSTEMS,3 - 3,1,RAKESH PANDEY,F208,M W F,8,,14/05 AN,
CS F376,DESIGN PROJECT,- - 3,1,SURENDER SINGH S,,,,,,
CS F377,DESIGN PROJECT,- - 3,1,SURENDER SINGH S,,,,,,
CS F402,COMPUTATIONAL GEOMETRY,3 - 3,1,MANAJANNA B,F108,T Th S,4,,12/05 FN,
CS F407,ARTIFICIAL INTELLIGENCE,3 - 3,1,CHITTARANJAN HOTA,F106,T Th S,5,,08/05 AN,
,,,,T Sahithi,,,,,,
CS F415,DATA MINING,3 - 3,1,MANIK GUPTA,F106,T Th S,4,,12/05 FN,
,,,,Srijanee Mookherji,,,,,,
CS F441,SEL TOPICS FROM COMP SC,3 - 3,1,DIPANJAN CHAKRABORTY,I111,T Th S,5,,08/05 AN,
CS G513,NETWORK SECURITY,3 1 4,1,RAJIB RANJAN MAITI,I122,T Th S,3,,06/05 AN,
,Practical,,,Rajib Ranjan Maiti,D331A,M W,2 3,,,
CS G520,ADVANCED DATA MINING,3 1 4,1,JABEZ J CHRISTOPHER,I122,T Th S,4,,12/12 FN,
,Practical,,,Jabez J Christopher,D331A,F,2 3,,,
CS G523,SOFTWARE FOR EMBEDDED,3 2 5,1,SYED ERSHAD AHMED,F101,T Th S,5,,11/05 FN,
,SYS,,,,,,,,,
,Practical,,,Syed Ershad Ahmed,J105,M W,7 8,,,
,,,,P Veda Bhanu,,,,,,
CS G524,ADV COMPUTER ARCHITECTURE,3 - 5,1,G GEETHAKUMARI,I114,T Th S,5,,08/05 AN,
,Practical,,,G Geethakumari,D331A,F,4 5,,,
DE G513,TRIBOLOGY,3 2 5,1,PIYUSH CHANDRA VERMA,I122,M W F,4,,02/05 FN,
,,,,G R Sabareesh,,,,,,
,Practical,,,Piyush Chandra Verma,E220,M W,9 10,,,
Unnamed: 0,Unnamed: 1,Unnamed: 2,Unnamed: 3,Unnamed: 4,Unnamed: 5,Unnamed: 6,Unnamed: 7,Unnamed: 8,D H R,SESSION
DE G514,FRACTURE MECHANICS,3 2 5,1,AMOL VUPPULURI F207,,T Th S,3,,06/05 AN,
,Practical,,,Amol Vuppuluri E002,,F,2 3,,,
,,,,Amol Vuppuluri E002,,F,8 9,,,
ECE F241,MICROPROC & INTERFACING,3 1 4,1,MB SRINIVAS F105,,T Th S,4,,02/05 FN,
,,,2,MB Srinivas F105,,M W F,4,,,
,Practical,,1,Suvadip Batabyal I012,,M,2 3,,,
,,,,Renuka.H,,,,,,
,,,2,Karumbaiah Chappanda NanaiahI012,,W,2 3,,,
,,,,Renuka.H,,,,,,
,,,3,Karumbaiah Chappanda NanaiahI012,,M,7 8,,,
,,,,P Michael Preetam Raj,,,,,,
,,,4,Soumya J I012,,W,7 8,,,
,,,,P Michael Preetam Raj,,,,,,
,,,5,S K Sahoo I013,,W,7 8,,,
,,,,Puneeth S B,,,,,,
,,,6,S K Sahoo I013,,M,7 8,,,
,,,,Puneeth S B,,,,,,
,,,,Swapna Challagundla,,,,,,
,,,7,Runa Kumari I013,,T,7 8,,,
,,,,Prakash Palasram R,,,,,,
,,,,Swapna Challagundla,,,,,,
,,,8,Runa Kumari I013,,F,7 8,,,
,,,,Prakash Palasram R,,,,,,
,,,9,Ramakant I013,,M,2 3,,,
,,,,G Jayeshkumar Pintubhai,,,,,,
,,,10,Ramakant I013,,W,2 3,,,
,,,,G Jayeshkumar Pintubhai,,,,,,
Unnamed: 0,Unnamed: 1,Unnamed: 2,Unnamed: 3,Unnamed: 4,Unnamed: 5,Unnamed: 6,Unnamed: 7,Unnamed: 8,D H R,SESSION
,,,11,Ramakant,I013,F,2 3,,,
,,,,Naveen Bokka,,,,,,
,,,12,Sandeep Kumar,I012,T,7 8,,,
,,,,Naveen Bokka,,,,,,
,,,13,Prashant Wali,I012,F,7 8,,,
,,,,Priyanka B G,,,,,,
,,,14,Ramakant,I013,Th,7 8,,,
,,,,Priyanka B G,,,,,,
,,,15,Suvadip Batabyal,I012,F,2 3,,,
,,,,Sarda Sharma,,,,,,
,,,,Venkatarao Selamneni,,,,,,
,,,16,Soumya J,I012,Th,7 8,,,
,,,,Sarda Sharma,,,,,,
,Tutorial,,1,Suvadip Batabyal,I111,T,1,,,
,,,2,MB Srinivas,I111,Th,1,,,
,,,3,Amit Ranjan Azad,I112,T,1,,,
,,,4,Amit Ranjan Azad,I112,Th,1,,,
,,,5,Prashant Wali,I113,T,1,,,
,,,6,Prashant Wali,I113,Th,1,,,
,,,7,TO BE ANNOUNCED,I114,T,1,,,
,,,8,TO BE ANNOUNCED,I114,Th,1,,,
,,,9,Sanjay Vidhyadharan,I222,T,1,,,
,,,10,Suvadip Batabyal,I222,Th,1,,,
ECE F242,CONTROL SYSTEMS,3 - 3,1,HARISH VIJAY DIXIT,F105,T Th S,5,,08/05 FN,
,,,2,Ankur Bhattacharjee,F103,T Th S,5,,,
,Tutorial,,1,Harish Vijay Dixit,I210,T,1,,,
,,,2,Harish Vijay Dixit,I210,Th,1,,,
Unnamed: 0,Unnamed: 1,Unnamed: 2,Unnamed: 3,Unnamed: 4,Unnamed: 5,Unnamed: 6,Unnamed: 7,Unnamed: 8,D H R,SESSION
,,,3,Ankur Bhattacharjee I211,,T,1,,,
,,,4,Ankur Bhattacharjee I211,,Th,1,,,
,,,5,Balasubramanian M I212,,T,1,,,
,,,6,Balasubramanian M I212,,Th,1,,,
ECE F243,SIGNALS & SYSTEMS,3 - 3,1,BVVSN PRABHAKAR RAO F104,,M W F,4,,12/05 AN,
,,,2,TO BE ANNOUNCED F103,,T Th S,4,,,
,Tutorial,,1,BVVSN Prabhakar Rao I210,,S,1,,,
,,,2,BVVSN Prabhakar Rao I210,,Th,9,,,
,,,3,Venkateswaran R I211,,S,1,,,
,,,4,Venkateswaran R I211,,T,9,,,
,,,5,Rajesh Kumar Tripathy I212,,S,1,,,
,,,6,Rajesh Kumar Tripathy I212,,Th,9,,,
ECE F244,MICROELECTRONIC CIRCUITS,3 - 3,1,PARIKSHIT PARSHURAM SAHAFT1I0Y5A,,M W F,5,,14/05 FN,
,,,2,Karumbaiah Chappanda NanaiaFh104,,M W F,5,,,
,Tutorial,,1,Parikshit Parshuram Sahatiya I111,,T,9,,,
,,,2,Parikshit Parshuram Sahatiya I111,,Th,9,,,
,,,3,Karumbaiah Chappanda NanaiahI112,,T,9,,,
,,,4,Karumbaiah Chappanda NanaiahI112,,S,1,,,
,,,5,Surya Shankar Dan I113,,T,9,,,
,,,6,Surya Shankar Dan I113,,Th,9,,,
ECE F266,STUDY PROJECT,- - 3,1,MITHUN MONDAL,,,,,,
ECE F341,ANALOG ELECTRONICS,3 1 4,1,SOUVIK KUNDU F105,,M W F,2,,09/05 AN,
,,,2,Prasant Kumar P F103,,M W F,2,,,
,Practical,,1,Souvik Kundu J106,,M,6 7,,,
,,,,P Joshna,,,,,,
,,,2,Souvik Kundu J106,,Th,8 9,,,
,,,,P Joshna,,,,,,
Unnamed: 0,Unnamed: 1,Unnamed: 2,Unnamed: 3,Unnamed: 4,Unnamed: 5,Unnamed: 6,Unnamed: 7,Unnamed: 8,D H R,SESSION
,,,3,Prasant Kumar P J106,,M,4 5,,,
,,,,Chowta Mallikharjunarao,,,,,,
,,,4,Chetan Kumar V J106,,T,8 9,,,
,,,,Chowta Mallikharjunarao,,,,,,
,,,5,S K Chatterjee J106,,F,4 5,,,
,,,,Mary Vallankanni Manik,,,,,,
,,,6,Ponnalagu R N J106,,W,4 5,,,
,,,,Mary Vallankanni Manik,,,,,,
,Tutorial,,1,Souvik Kundu I111,,T,7,,,
,,,2,Prasant Kumar P I112,,T,7,,,
,,,3,Prasant Kumar P I112,,Th,7,,,
,,,4,S K Chatterjee I111,,M,1,,,
,,,5,S K Chatterjee I111,,S,1,,,
ECE F343,COMMUNICATION NETWORKS,3 - 3,1,S K SAHOO F103,,M W F,3,,01/05 AN,
,Tutorial,,1,S K Sahoo I212,,F,1,,,
,,,2,S K Sahoo I112,,W,1,,,
ECE F344,INFO THEORY & CODING,3 - 3,1,RUNA KUMARI F108,,T Th S,3,,06/05 AN,
,Tutorial,,1,Runa Kumari I210,,F,1,,,
,,,2,Runa Kumari I210,,W,1,,,
ECE F366,LABORATORY PROJECT,- - 3,1,PARIKSHIT PARSHURAM SAHATIYA,,,,,,
ECE F367,LABORATORY PROJECT,- - 3,1,PARIKSHIT PARSHURAM SAHATIYA,,,,,,
ECE F376,DESIGN PROJECT,- - 3,1,KARUMBAIAH CHAPPANDA NANAIAH,,,,,,
ECE F377,DESIGN PROJECT,- - 3,1,KARUMBAIAH CHAPPANDA NANAIAH,,,,,,
ECON F211,PRINCIPLES OF ECONOMICS,3 - 3,1,ARCHANA SRIVASTAVA F108,,M W F,9,,05/05 FN,
,,,2,Sudatta Banerjee F107,,M W F,9,,,
,,,3,Rishi Kumar G108,,M W F,9,,,
,,,4,Bheemeshwar Reddy A G107,,M W F,9,,,
Unnamed: 0,Unnamed: 1,Unnamed: 2,Unnamed: 3,Unnamed: 4,Unnamed: 5,Unnamed: 6,Unnamed: 7,Unnamed: 8,D H R,SESSION
,,,5,Mini Thomas,G106,M W F,9,,,
,,,,Dushyant Kumar,,,,,,
,Tutorial,,1,Archana Srivastava,F108,F,1,,,
,,,,Ummuhabeeba Chaliyan,,,,,,
,,,2,Sudatta Banerjee,F107,F,1,,,
,,,,Keerti Mallela,,,,,,
,,,3,Rishi Kumar,G108,F,1,,,
,,,4,Bheemeshwar Reddy A,G107,F,1,,,
,,,5,Mini Thomas,G106,F,1,,,
,,,,Dushyant Kumar,,,,,,
ECON F212,FUNDA OF FIN AND ACCOUNT,3 - 3,1,NIRANJAN SWAIN,F208,M W F,10,,03/05 FN,
,,,2,T Nagaraju,F207,M W F,10,,,
ECON F241,ECONOMETRIC METHODS,3 - 3,1,BHEEMESHWAR REDDY A,G108,T Th S,4,,12/05 AN,
,Tutorial,,,Bheemeshwar Reddy A,G108,T,1,,,
,,,,Athary Janiso,,,,,,
ECON F242,MICROECONOMICS,3 - 3,1,DUSHYANT KUMAR,G108,T Th S,5,,08/05 FN,
,Tutorial,,,Dushyant Kumar,G108,Th,1,,,
,,,,Prakash Kumar Shukla,,,,,,
ECON F243,MACROECONOMICS,3 - 3,1,SUNNY KUMAR SINGH,G108,M W F,4,,02/05 FN,
,Tutorial,,,Sunny Kumar Singh,G108,S,1,,,
,,,,Salva.K,,,,,,
ECON F244,ECONOMIC OF GROWTH & DEV,3 - 3,1,SUDATTA BANERJEE,G108,M W F,5,,14/05 FN,
,Tutorial,,,Sudatta Banerjee,G108,T,7,,,
,,,,Bincy George,,,,,,
ECON F266,STUDY PROJECT,- - 3,1,SWATI ALOK,,,,,,
ECON F314,INDUSTRIAL ECONOMICS,3 - 3,1,DUSHYANT KUMAR,J115,M W F,6,,13/05 AN,
ECON F315,FINANCIAL MANAGEMENT,3 - 3,1,NIVEDITA SINHA,F207,T Th,10,,03/05 FN,
Unnamed: 0,Unnamed: 1,Unnamed: 2,Unnamed: 3,Unnamed: 4,Unnamed: 5,Unnamed: 6,Unnamed: 7,Unnamed: 8,D H R,SESSION
,,,,Nivedita Sinha,F207,S,6,,,
,,,2,Niranjan Swain,F208,T Th,10,,,
,,,,Niranjan Swain,F208,S,6,,,
ECON F341,PUBLIC FIN THEO & POLICY,3 - 3,1,MINI THOMAS,G108,T Th S,2,,04/05 AN,
,,,,Shreya Biswas,,,,,,
,Tutorial,,,Mini Thomas,J120,M,1,,,
ECON F342,APPLIED ECONOMETRICS,3 - 3,1,RISHI KUMAR,G108,T Th S,3,,06/05 AN,
,Tutorial,,,Rishi Kumar,J120,W,1,,,
ECON F343,ECONOMIC ANAL OF PUB POL,3 - 3,1,DURGESH C PATHAK,G105,M W F,9,,11/05 FN,
,Tutorial,,,Durgesh C Pathak,G105,F,1,,,
ECON F354,DERIVATIVES & RISK MGMT,3 - 3,1,T NAGARAJU,F208,M W F,7,,13/05 FN,
,,,,Shreya Biswas,,,,,,
ECON F355,BUSS ANAL & VALUATION,3 - 3,1,NEMIRAJA JADIYAPPA,F208,T Th S,4,,12/05 FN,
ECON F366,LABORATORY PROJECT,- - 3,1,SWATI ALOK,,,,,,
ECON F367,LABORATORY PROJECT,- - 3,1,SWATI ALOK,,,,,,
ECON F376,DESIGN PROJECT,- - 3,1,SWATI ALOK,,,,,,
ECON F377,DESIGN PROJECT,- - 3,1,SWATI ALOK,,,,,,
ECON F411,PROJECT APPRAISAL,3 - 3,1,SUNNY KUMAR SINGH,J107,M W F,8,,14/05 AN,
ECON F412,SECUR ANAL & PORTFOL MGT,3 - 3,1,NEMIRAJA JADIYAPPA,J120,M W F,9,,07/05 FN,
,,,2,Shreya Biswas,F107,T Th S,5,,,
ECON F414,CREAT & LEAD ENTREP ORGN,3 - 3,1,R RAGHUNATHAN,J107,M W F,9,,11/05 FN,
ECON F434,INTERNATIONAL BUSINESS,3 - 3,1,ARCHANA SRIVASTAVA,J115,T Th S,4,,12/05 FN,
ECON F435,MARKETING RESEARCH,3 - 3,1,C H YAGANTI,J115,M W F,8,,14/05 AN,
EEE F111,ELECTRICAL SCIENCES,3 - 3,1,PONNALAGU R N,F105,M W F,9,,06/05 FN,
,,,,Samit Kumar Ghosh,,,,,,
,,,2,Mithun Mondal,F104,M W F,9,,,
,Tutorial,,1,Mithun Mondal,I111,T,3,,,
Unnamed: 0,Unnamed: 1,Unnamed: 2,Unnamed: 3,Unnamed: 4,Unnamed: 5,Unnamed: 6,Unnamed: 7,Unnamed: 8,D H R,SESSION
,,,2,Mithun Mondal I111,,S,3,,,
,,,3,Ponnalagu R N I112,,T,3,,,
,,,4,Ponnalagu R N I112,,S,3,,,
,,,5,Sayan Kanungo I113,,T,3,,,
,,,6,Sayan Kanungo I113,,S,3,,,
,,,7,STP Srinivas I211,,T,3,,,
,,,8,STP Srinivas I212,,S,3,,,
EEE F241,MICROPROC & INTERFACING,3 1 4,1,MB SRINIVAS F105,,T Th S,4,,02/05 FN,
,,,2,MB Srinivas F105,,M W F,4,,,
,Practical,,1,Suvadip Batabyal I012,,M,2 3,,,
,,,,Renuka.H,,,,,,
,,,2,Karumbaiah Chappanda NanaiahI012,,W,2 3,,,
,,,,Renuka.H,,,,,,
,,,3,Karumbaiah Chappanda NanaiahI012,,M,7 8,,,
,,,,P Michael Preetam Raj,,,,,,
,,,4,Soumya J I012,,W,7 8,,,
,,,,P Michael Preetam Raj,,,,,,
,,,5,S K Sahoo I013,,W,7 8,,,
,,,,Puneeth S B,,,,,,
,,,6,S K Sahoo I013,,M,7 8,,,
,,,,Puneeth S B,,,,,,
,,,,Swapna Challagundla,,,,,,
,,,7,Runa Kumari I013,,T,7 8,,,
,,,,Prakash Palasram R,,,,,,
,,,,Swapna Challagundla,,,,,,
,,,8,Runa Kumari I013,,F,7 8,,,
,,,,Prakash Palasram R,,,,,,
Unnamed: 0,Unnamed: 1,Unnamed: 2,Unnamed: 3,Unnamed: 4,Unnamed: 5,Unnamed: 6,Unnamed: 7,Unnamed: 8,D H R,SESSION
,,,9,Ramakant,I013,M,2 3,,,
,,,,G Jayeshkumar Pintubhai,,,,,,
,,,10,Ramakant,I013,W,2 3,,,
,,,,G Jayeshkumar Pintubhai,,,,,,
,,,11,Ramakant,I013,F,2 3,,,
,,,,Naveen Bokka,,,,,,
,,,12,Sandeep Kumar,I012,T,7 8,,,
,,,,Naveen Bokka,,,,,,
,,,13,Prashant Wali,I012,F,7 8,,,
,,,,Priyanka B G,,,,,,
,,,14,Ramakant,I013,Th,7 8,,,
,,,,Priyanka B G,,,,,,
,,,15,Suvadip Batabyal,I012,F,2 3,,,
,,,,Sarda Sharma,,,,,,
,,,,Venkatarao Selamneni,,,,,,
,,,16,Soumya J,I012,Th,7 8,,,
,,,,Sarda Sharma,,,,,,
,Tutorial,,1,Suvadip Batabyal,I111,T,1,,,
,,,2,MB Srinivas,I111,Th,1,,,
,,,3,Amit Ranjan Azad,I112,T,1,,,
,,,4,Amit Ranjan Azad,I112,Th,1,,,
,,,5,Prashant Wali,I113,T,1,,,
,,,6,Prashant Wali,I113,Th,1,,,
,,,7,TO BE ANNOUNCED,I114,T,1,,,
,,,8,TO BE ANNOUNCED,I114,Th,1,,,
,,,9,Sanjay Vidhyadharan,I222,T,1,,,
,,,10,Suvadip Batabyal,I222,Th,1,,,
Unnamed: 0,Unnamed: 1,Unnamed: 2,Unnamed: 3,Unnamed: 4,Unnamed: 5,Unnamed: 6,Unnamed: 7,Unnamed: 8,D H R,SESSION
EEE F242,CONTROL SYSTEMS,3 - 3,1,HARISH VIJAY DIXIT F105,,T Th S,5,,08/05 FN,
,,,2,Ankur Bhattacharjee F103,,T Th S,5,,,
,Tutorial,,1,Harish Vijay Dixit I210,,T,1,,,
,,,2,Harish Vijay Dixit I210,,Th,1,,,
,,,3,Ankur Bhattacharjee I211,,T,1,,,
,,,4,Ankur Bhattacharjee I211,,Th,1,,,
,,,5,Balasubramanian M I212,,T,1,,,
,,,6,Balasubramanian M I212,,Th,1,,,
EEE F243,SIGNALS & SYSTEMS,3 - 3,1,BVVSN PRABHAKAR RAO F104,,M W F,4,,12/05 AN,
,,,2,TO BE ANNOUNCED F103,,T Th S,4,,,
,Tutorial,,1,BVVSN Prabhakar Rao I210,,S,1,,,
,,,2,BVVSN Prabhakar Rao I210,,Th,9,,,
,,,3,Venkateswaran R I211,,S,1,,,
,,,4,Venkateswaran R I211,,T,9,,,
,,,5,Rajesh Kumar Tripathy I212,,S,1,,,
,,,6,Rajesh Kumar Tripathy I212,,Th,9,,,
EEE F244,MICROELECTRONIC CIRCUITS,3 - 3,1,PARIKSHIT PARSHURAM SAHAFT1I0Y5A,,M W F,5,,14/05 FN,
,,,2,Karumbaiah Chappanda NanaiaFh104,,M W F,5,,,
,Tutorial,,1,Parikshit Parshuram Sahatiya I111,,T,9,,,
,,,2,Parikshit Parshuram Sahatiya I111,,Th,9,,,
,,,3,Karumbaiah Chappanda NanaiahI112,,T,9,,,
,,,4,Karumbaiah Chappanda NanaiahI112,,S,1,,,
,,,5,Surya Shankar Dan I113,,T,9,,,
,,,6,Surya Shankar Dan I113,,Th,9,,,
EEE F245,CONTROL SYSTEMS,- 1 1,1,ANKUR BHATTACHARJEE K125,,M,7 8,,,
,LABORATORY,,,,,,,,,
,,,,Santhi Durganjali Challa,,,,,,
,,,2,Ankur Bhattacharjee K125,,F,7 8,,,
Unnamed: 0,Unnamed: 1,Unnamed: 2,Unnamed: 3,Unnamed: 4,Unnamed: 5,Unnamed: 6,Unnamed: 7,Unnamed: 8,D H R,SESSION
,,,,Santhi Durganjali Challa,,,,,,
,,,3,Harish Vijay Dixit K125,,M,2 3,,,
,,,,Priyalatha. P,,,,,,
,,,4,Harish Vijay Dixit K125,,W,2 3,,,
,,,,Priyalatha. P,,,,,,
EEE F246,ELECTRICAL & ELECTRONIC,- 2 2,1,Parikshit Parshuram Sahatiya H106/I011,,W F,2 3,,,
,CIRCUITS LABORATORY,,,,,,,,,
,,,,Debapriya Som,,,,,,
,,,,Pranjali Gajbhiye,,,,,,
,,,,Rajesh Kumar Tripathy,,,,,,
,,,2,Sudha Radhika H106,,M,2 3,,,
,,,,Debapriya Som,,,,,,
,,,,Pranjali Gajbhiye,,,,,,
,,,,Venkateswaran R,,,,,,
,,,,Sudha Radhika I011,,Th,7 8,,,
,,,,Debapriya Som,,,,,,
,,,,Pranjali Gajbhiye,,,,,,
,,,,Venkateswaran R,,,,,,
,,,3,Rajesh Kumar Tripathy H106/I011,,M T,7 8,,,
,,,,BVVSN Prabhakar Rao,,,,,,
,,,,Chaluvadi V Naga Bhaskar,,,,,,
,,,,T Sachin Ravikant,,,,,,
,,,4,PRASANT KUMAR P H106/I011,,W F,7 8,,,
,,,,Chaluvadi V Naga Bhaskar,,,,,,
,,,,Souvik Kundu,,,,,,
,,,,T Sachin Ravikant,,,,,,
EEE F266,STUDY PROJECT,- - 3,1,MITHUN MONDAL,,,,,,
EEE F312,POWER SYSTEMS,3 - 3,1,ALIVELU MANGA PARIMI F107,,T Th S,3,,06/05 AN,
Unnamed: 0,Unnamed: 1,Unnamed: 2,Unnamed: 3,Unnamed: 4,Unnamed: 5,Unnamed: 6,Unnamed: 7,Unnamed: 8,D H R,SESSION
,Tutorial,,1,Alivelu Manga Parimi,I122,W,1,,,
,,,2,Alivelu Manga Parimi,I122,F,1,,,
EEE F341,ANALOG ELECTRONICS,3 1 4,1,SOUVIK KUNDU,F105,M W F,2,,09/05 AN,
,,,2,Prasant Kumar P,F103,M W F,2,,,
,Practical,,1,Souvik Kundu,J106,M,6 7,,,
,,,,P Joshna,,,,,,
,,,2,Souvik Kundu,J106,Th,8 9,,,
,,,,P Joshna,,,,,,
,,,3,Prasant Kumar P,J106,M,4 5,,,
,,,,Chowta Mallikharjunarao,,,,,,
,,,4,Chetan Kumar V,J106,T,8 9,,,
,,,,Chowta Mallikharjunarao,,,,,,
,,,5,S K Chatterjee,J106,F,4 5,,,
,,,,Mary Vallankanni Manik,,,,,,
,,,6,Ponnalagu R N,J106,W,4 5,,,
,,,,Mary Vallankanni Manik,,,,,,
,Tutorial,,1,Souvik Kundu,I111,T,7,,,
,,,2,Prasant Kumar P,I112,T,7,,,
,,,3,Prasant Kumar P,I112,Th,7,,,
,,,4,S K Chatterjee,I111,M,1,,,
,,,5,S K Chatterjee,I111,S,1,,,
EEE F342,POWER ELECTRONICS,3 1 4,1,SUDHA RADHIKA,F104,T Th S,2,,04/05 AN,
,Practical,,1,Mithun Mondal,J114,M,4 5,,,
,,,,E Prasanth Kumar,,,,,,
,,,,Shrimathi H P,,,,,,
,,,2,STP Srinivas,J114,T,8 9,,,
,,,,E Prasanth Kumar,,,,,,
Unnamed: 0,Unnamed: 1,Unnamed: 2,Unnamed: 3,Unnamed: 4,Unnamed: 5,Unnamed: 6,Unnamed: 7,Unnamed: 8,D H R,SESSION
,,,,Shrimathi H P,,,,,,
,,,3,STP Srinivas J114,,W,4 5,,,
,,,,Amar Kumar Verma,,,,,,
,,,,Manoj Samal,,,,,,
,,,4,STP Srinivas J114,,F,4 5,,,
,,,,Amar Kumar Verma,,,,,,
,,,,Manoj Samal,,,,,,
,Tutorial,,1,Sudha Radhika I114,,F,1,,,
,,,2,Sudha Radhika I114,,W,1,,,
,,,3,Sudha Radhika I114,,T,7,,,
EEE F348,FPGA BASED SYSTEM DESIGN,- 2 2,1,SAYAN KANUNGO I124,,M F,4 5,,,
,LAB,,,,,,,,,
,,,,G Sahith,,,,,,
,,,2,Sayan Kanungo I124,,T Th,9 10,,,
,,,,Simhadri Hariprasad,,,,,,
EEE F366,LABORATORY PROJECT,- - 3,1,PARIKSHIT PARSHURAM SAHATIYA,,,,,,
EEE F367,LABORATORY PROJECT,- - 3,1,PARIKSHIT PARSHURAM SAHATIYA,,,,,,
EEE F376,DESIGN PROJECT,- - 3,1,KARUMBAIAH CHAPPANDA NANAIAH,,,,,,
EEE F377,DESIGN PROJECT,- - 3,1,KARUMBAIAH CHAPPANDA NANAIAH,,,,,,
EEE F411,INTERNET OF THINGS,3 1 4,1,SANDEEP KUMAR F101,,M W F,9,,11/05 FN,
,Practical,,1,Sandeep Kumar J105,,M,4 5,,,
,,,,Madhusudan B Kulkarni,,,,,,
,,,2,Sandeep Kumar J105,,F,6 7,,,
,,,,Pavankumar Reddy B,,,,,,
,,,3,Sandeep Kumar J105,,W,4 5,,,
,,,,Madhusudan B Kulkarni,,,,,,
,,,,Pavankumar Reddy B,,,,,,
EEE F435,DIGITAL IMAGE PROCESSING,3 - 3,1,VENKATESWARAN R F107,,T Th S,4,,12/05 FN,
Unnamed: 0,Unnamed: 1,Unnamed: 2,Unnamed: 3,Unnamed: 4,Unnamed: 5,Unnamed: 6,Unnamed: 7,Unnamed: 8,D H R,SESSION
EEE F478,POWER SYSTEMS LAB,- 2 2,1,ALIVELU MANGA PARIMI,E004,M,6 7,,,
,,,,P Shambhu Prasad,,,,,,
,,,,Alivelu Manga Parimi,K126,W,6 7,,,
,,,,P Shambhu Prasad,,,,,,
EEE G510,RF MICROELECTRONICS,- - 5,1,SOURAV NANDI,F101,M W F,4,,02/05 AN,
,Practical,,,Sourav Nandi,LAB,W,9 10,,,
,,,,Battina Sindhu,,,,,,
,,,,Sourav Nandi,LAB,F,7 8,,,
,,,,Battina Sindhu,,,,,,
EEE G547,DEVICE DRIVERS,3 2 5,1,TO BE ANNOUNCED,F101,M W F,5,,13/05 AN,
,Practical,,,TO BE ANNOUNCED,J105,T Th,7 8,,,
EEE G592,MOBILE & PERSONAL,3 2 5,1,AMIT RANJAN AZAD,I112,T Th S,4,,12/05 FN,
,COMMUNICATION,,,,,,,,,
,Practical,,,Amit Ranjan Azad,I115,T F,7 8,,,
,,,,R Venkata Sravya,,,,,,
EEE G622,ADVANCED DIGITAL,3 2 5,1,PRASHANT WALI,I112,T Th S,5,,08/05 FN,
,COMMUNICATION,,,,,,,,,
,Practical,,,Prashant Wali,H106,M W,7 8,,,
,,,,V Sarath Sankar,,,,,,
EEE G626,HARDWARE SOFTWARE CO-DSN,- - 5,1,SOUMYA J,I114,M W F,3,,01/05 FN,
,Practical,,,Soumya J,J105,S,2 3,,,
,,,,Samala Jagadheesh,,,,,,
FIN F311,DERIVATIVES & RISK MGMT,3 - 3,1,T NAGARAJU,F208,M W F,7,,13/05 FN,
,,,,Shreya Biswas,,,,,,
FIN F313,SECUR ANAL & PORTFOL MGT,3 - 3,1,NEMIRAJA JADIYAPPA,J120,M W F,9,,07/05 FN,
,,,2,Shreya Biswas,F107,T Th S,5,,,
FIN F315,FINANCIAL MANAGEMENT,3 - 3,1,NIVEDITA SINHA,F207,T Th,10,,03/05 FN,
,,,,Nivedita Sinha,F207,S,6,,,
Unnamed: 0,Unnamed: 1,Unnamed: 2,Unnamed: 3,Unnamed: 4,Unnamed: 5,Unnamed: 6,Unnamed: 7,Unnamed: 8,D H R,SESSION
,,,2,Niranjan Swain,F208,T Th,10,,,
,,,,Niranjan Swain,F208,S,6,,,
FIN F414,FINANCIAL RISK ANALYTICS AND,3 - 3,1,T NAGARAJU,J217,T Th S,5,,08/05 AN,
,MANAGEMENT,,,,,,,,,
GS F211,MODERN POLITICAL CONCEPTS,3 - 3,1,LAVANYA SURESH,J107,M W F,7,,13/05 FN,
GS F213,DEVELOPMENT THEORIES,3 - 3,1,SUCHISMITA SATPATHY,J107,M W F,6,,13/05 AN,
GS F223,INTRO TO MASS COMM,3 - 3,1,SHILPAA ANAND,J119,M W F,8,,14/05 AN,
GS F234,DEVELOPMENT ECONOMICS,3 - 3,1,MD ZAKARIA SIDDIQUI,J214,M W F,9,,05/05 AN,
GS F241,CREATIVE WRITING,3 - 3,1,ANHITI PATNAIK,J121,T Th S,3,,06/05 AN,
GS F242,CULTURAL STUDIES,3 - 3,1,ANHITI PATNAIK,J121,M W F,3,,01/05 AN,
GS F245,EFFECTIVE PUBLIC SPEAK,2 1 3,1,MG PRASUNA,J217,M W,9,,05/05 AN,
,Practical,,,MG Prasuna,J217,F,9 10,,,
GS F332,CONTEMPORARY INDIA,3 - 3,1,MD ZAKARIA SIDDIQUI,J107,M W F,2,,09/05 AN,
GS F333,PUBLIC ADMINISTRATION,3 - 3,1,LAVANYA SURESH,J218,T Th S,3,,06/05 AN,
HSS F222,LINGUISTICS,3 - 3,1,PRANESH BHARGAVA,J120,T Th S,3,,06/05 AN,
HSS F235,INTRODUCTORY PHILOSOPHY,3 - 3,1,JAYESH A K,J218,T Th S,2,,04/05 AN,
HSS F242,INTRODUCTION TO PHONOLOGY,3 - 3,1,PRANESH BHARGAVA,J218,M W F,9,,05/05 AN,
HSS F243,INTRODUCTION TO CRITICAL,3 - 3,1,SANTOSH  MAHAPATRA,J214,M W F,2,,09/05 AN,
,PEDAGOGY,,,,,,,,,
HSS F246,PHILOSOPHY OF NAGARJUNA,3 - 3,1,JAYESH A K,J217,M W F,2,,09/05 AN,
HSS F266,STUDY PROJECT,3 - 3,1,ASWATHY RAVEENDRAN,,,,,,
HSS F328,HUMAN RESOURCES DEV,3 - 3,1,SWATI ALOK,J115,T Th S,3,,06/05 AN,
HSS F334,SRIMAD BHAGAVAD GITA,3 - 3,1,ARUNA LOLLA,J214,T Th S,3,,06/05 AN,
HSS F335,LITERARY CRITICISM,3 - 3,1,SHILPAA ANAND,J119,T Th S,2,,04/05 AN,
HSS F340,POST COLONIAL LITERATURE,3 - 3,1,MAYA VINAY,J217,T Th S,3,,06/05 AN,
HSS F361,URBAN POLICY AND,3 - 3,1,SUCHISMITA SATPATHY,J107,T Th S,3,,06/05 AN,
,GOVERNANCE,,,,,,,,,
HSS F363,DISASTER AND DEVELOPMENT,3 - 3,1,BISWANATH DASH,J206,T Th S,3,,06/05 AN,
INSTR F241,MICROPROC & INTERFACING,3 1 4,1,MB SRINIVAS,F105,T Th S,4,,02/05 FN,
Unnamed: 0,Unnamed: 1,Unnamed: 2,Unnamed: 3,Unnamed: 4,Unnamed: 5,Unnamed: 6,Unnamed: 7,Unnamed: 8,D H R,SESSION
,,,2,MB Srinivas F105,,M W F,4,,,
,Practical,,1,Suvadip Batabyal I012,,M,2 3,,,
,,,,Renuka.H,,,,,,
,,,2,Karumbaiah Chappanda NanaiahI012,,W,2 3,,,
,,,,Renuka.H,,,,,,
,,,3,Karumbaiah Chappanda NanaiahI012,,M,7 8,,,
,,,,P Michael Preetam Raj,,,,,,
,,,4,Soumya J I012,,W,7 8,,,
,,,,P Michael Preetam Raj,,,,,,
,,,5,S K Sahoo I013,,W,7 8,,,
,,,,Puneeth S B,,,,,,
,,,6,S K Sahoo I013,,M,7 8,,,
,,,,Puneeth S B,,,,,,
,,,,Swapna Challagundla,,,,,,
,,,7,Runa Kumari I013,,T,7 8,,,
,,,,Prakash Palasram R,,,,,,
,,,,Swapna Challagundla,,,,,,
,,,8,Runa Kumari I013,,F,7 8,,,
,,,,Prakash Palasram R,,,,,,
,,,9,Ramakant I013,,M,2 3,,,
,,,,G Jayeshkumar Pintubhai,,,,,,
,,,10,Ramakant I013,,W,2 3,,,
,,,,G Jayeshkumar Pintubhai,,,,,,
,,,11,Ramakant I013,,F,2 3,,,
,,,,Naveen Bokka,,,,,,
,,,12,Sandeep Kumar I012,,T,7 8,,,
,,,,Naveen Bokka,,,,,,
Unnamed: 0,Unnamed: 1,Unnamed: 2,Unnamed: 3,Unnamed: 4,Unnamed: 5,Unnamed: 6,Unnamed: 7,Unnamed: 8,D H R,SESSION
,,,13,Prashant Wali,I012,F,7 8,,,
,,,,Priyanka B G,,,,,,
,,,14,Ramakant,I013,Th,7 8,,,
,,,,Priyanka B G,,,,,,
,,,15,Suvadip Batabyal,I012,F,2 3,,,
,,,,Sarda Sharma,,,,,,
,,,,Venkatarao Selamneni,,,,,,
,,,16,Soumya J,I012,Th,7 8,,,
,,,,Sarda Sharma,,,,,,
,Tutorial,,1,Suvadip Batabyal,I111,T,1,,,
,,,2,MB Srinivas,I111,Th,1,,,
,,,3,Amit Ranjan Azad,I112,T,1,,,
,,,4,Amit Ranjan Azad,I112,Th,1,,,
,,,5,Prashant Wali,I113,T,1,,,
,,,6,Prashant Wali,I113,Th,1,,,
,,,7,TO BE ANNOUNCED,I114,T,1,,,
,,,8,TO BE ANNOUNCED,I114,Th,1,,,
,,,9,Sanjay Vidhyadharan,I222,T,1,,,
,,,10,Suvadip Batabyal,I222,Th,1,,,
INSTR F242,CONTROL SYSTEMS,3 - 3,1,HARISH VIJAY DIXIT,F105,T Th S,5,,08/05 FN,
,,,2,Ankur Bhattacharjee,F103,T Th S,5,,,
,Tutorial,,1,Harish Vijay Dixit,I210,T,1,,,
,,,2,Harish Vijay Dixit,I210,Th,1,,,
,,,3,Ankur Bhattacharjee,I211,T,1,,,
,,,4,Ankur Bhattacharjee,I211,Th,1,,,
,,,5,Balasubramanian M,I212,T,1,,,
,,,6,Balasubramanian M,I212,Th,1,,,
Unnamed: 0,Unnamed: 1,Unnamed: 2,Unnamed: 3,Unnamed: 4,Unnamed: 5,Unnamed: 6,Unnamed: 7,Unnamed: 8,D H R,SESSION
INSTR F243,SIGNALS & SYSTEMS,3 - 3,1,BVVSN PRABHAKAR RAO F104,,M W F,4,,12/05 AN,
,,,2,TO BE ANNOUNCED F103,,T Th S,4,,,
,Tutorial,,1,BVVSN Prabhakar Rao I210,,S,1,,,
,,,2,BVVSN Prabhakar Rao I210,,Th,9,,,
,,,3,Venkateswaran R I211,,S,1,,,
,,,4,Venkateswaran R I211,,T,9,,,
,,,5,Rajesh Kumar Tripathy I212,,S,1,,,
,,,6,Rajesh Kumar Tripathy I212,,Th,9,,,
INSTR F244,MICROELECTRONIC CIRCUITS,3 - 3,1,PARIKSHIT PARSHURAM SAHAFT1I0Y5A,,M W F,5,,14/05 FN,
,,,2,Karumbaiah Chappanda NanaiaFh104,,M W F,5,,,
,Tutorial,,1,Parikshit Parshuram Sahatiya I111,,T,9,,,
,,,2,Parikshit Parshuram Sahatiya I111,,Th,9,,,
,,,3,Karumbaiah Chappanda NanaiahI112,,T,9,,,
,,,4,Karumbaiah Chappanda NanaiahI112,,S,1,,,
,,,5,Surya Shankar Dan I113,,T,9,,,
,,,6,Surya Shankar Dan I113,,Th,9,,,
INSTR F266,STUDY PROJECT,- - 3,1,MITHUN MONDAL,,,,,,
INSTR F341,ANALOG ELECTRONICS,3 1 4,1,SOUVIK KUNDU F105,,M W F,2,,09/05 AN,
,,,2,Prasant Kumar P F103,,M W F,2,,,
,Practical,,1,Souvik Kundu J106,,M,6 7,,,
,,,,P Joshna,,,,,,
,,,2,Souvik Kundu J106,,Th,8 9,,,
,,,,P Joshna,,,,,,
,,,3,Prasant Kumar P J106,,M,4 5,,,
,,,,Chowta Mallikharjunarao,,,,,,
,,,4,Chetan Kumar V J106,,T,8 9,,,
,,,,Chowta Mallikharjunarao,,,,,,
Unnamed: 0,Unnamed: 1,Unnamed: 2,Unnamed: 3,Unnamed: 4,Unnamed: 5,Unnamed: 6,Unnamed: 7,Unnamed: 8,D H R,SESSION
,,,5,S K Chatterjee,J106,F,4 5,,,
,,,,Mary Vallankanni Manik,,,,,,
,,,6,Ponnalagu R N,J106,W,4 5,,,
,,,,Mary Vallankanni Manik,,,,,,
,Tutorial,,1,Souvik Kundu,I111,T,7,,,
,,,2,Prasant Kumar P,I112,T,7,,,
,,,3,Prasant Kumar P,I112,Th,7,,,
,,,4,S K Chatterjee,I111,M,1,,,
,,,5,S K Chatterjee,I111,S,1,,,
INSTR F342,POWER ELECTRONICS,3 1 4,1,SUDHA RADHIKA,F104,T Th S,2,,04/05 AN,
,Practical,,1,Mithun Mondal,J114,M,4 5,,,
,,,,E Prasanth Kumar,,,,,,
,,,,Shrimathi H P,,,,,,
,,,2,STP Srinivas,J114,T,8 9,,,
,,,,E Prasanth Kumar,,,,,,
,,,,Shrimathi H P,,,,,,
,,,3,STP Srinivas,J114,W,4 5,,,
,,,,Amar Kumar Verma,,,,,,
,,,,Manoj Samal,,,,,,
,,,4,STP Srinivas,J114,F,4 5,,,
,,,,Amar Kumar Verma,,,,,,
,,,,Manoj Samal,,,,,,
,Tutorial,,1,Sudha Radhika,I114,F,1,,,
,,,2,Sudha Radhika,I114,W,1,,,
,,,3,Sudha Radhika,I114,T,7,,,
INSTR F343,INDUS INSTRUMENT & CONT,3 - 3,1,BALASUBRAMANIAN M,I213,T Th S,3,,06/05 AN,
,Tutorial,,,Balasubramanian M,I213,M,1,,,
Unnamed: 0,Unnamed: 1,Unnamed: 2,Unnamed: 3,Unnamed: 4,Unnamed: 5,Unnamed: 6,Unnamed: 7,Unnamed: 8,D H R,SESSION
INSTR F366,LABORATORY PROJECT,- - 3,1,PARIKSHIT PARSHURAM SAHATIYA,,,,,,
INSTR F367,LABORATORY PROJECT,- - 3,1,PARIKSHIT PARSHURAM SAHATIYA,,,,,,
INSTR F376,DESIGN PROJECT,- - 3,1,KARUMBAIAH CHAPPANDA NANAIAH,,,,,,
INSTR F377,DESIGN PROJECT,- - 3,1,KARUMBAIAH CHAPPANDA NANAIAH,,,,,,
IS F311,COMPUTER GRAPHICS,3 - 3,1,TATHAGAT RAY F106,,T Th S,3,,06/05 AN,
IS F341,SOFTWARE ENGINEERING,3 1 4,1,NARASIMHA BOLLOJU I214,,M W F,7,,13/05 FN,
,Practical,,1,Narasimha Bolloju D331A,,W,4 5,,,
,,,2,Narasimha Bolloju D331A,,Th,8 9,,,
IS F462,NETWORK PROGRAMMING,3 - 3,1,PARESH SAXENA G101,,M W F,9,,11/05 FN,
MATH F112,MATHEMATICS II,3 - 3,1,A MICHAEL ALPHONSE F107,,T Th S,2,,09/05 FN,
,,,2,A Ramu G107,,M W F,3,,,
,,,3,PK Sahoo G107,,T Th S,2,,,
,,,4,TSL Radhika F207,,M W F,2,,,
,,,5,Kishore Kumar G104,,M W F,5,,,
,,,6,Sharan Gopal G101,,T Th S,2,,,
,,,7,Anil Nemili G206,,T Th S,2,,,
,,,8,Jhuma Sen Gupta G208,,M W F,3,,,
,,,9,Deepika G106,,M W F,2,,,
,,,10,Pratyusha Chattopadhyaa G208,,M W F,2,,,
,,,11,K Bhargav Kumar G108,,M W F,2,,,
,Tutorial,,1,A Michael Alphonse F208,,Th,9,,,
,,,,Sri Sakti Swarup Anupindi,,,,,,
,,,2,A Ramu G106,,Th,9,,,
,,,,G Vinodkumar Rajlingappa,,,,,,
,,,3,PK Sahoo G101,,Th,9,,,
,,,,Nakidi Shravani,,,,,,
,,,4,TSL Radhika F207,,Th,9,,,
Unnamed: 0,Unnamed: 1,Unnamed: 2,Unnamed: 3,Unnamed: 4,Unnamed: 5,Unnamed: 6,Unnamed: 7,Unnamed: 8,D H R,SESSION
,,,5,Kishore Kumar,G105,Th,9,,,
,,,6,Sharan Gopal,G208,Th,9,,,
,,,,Faiz Imam,,,,,,
,,,7,Anil Nemili,G206,Th,9,,,
,,,,K Panduranga,,,,,,
,,,8,Jhuma Sen Gupta,G207,Th,9,,,
,,,,Anjali P V,,,,,,
,,,9,Deepika,G104,Th,9,,,
,,,,Aleena Philip,,,,,,
,,,10,Pratyusha Chattopadhyaa,G107,Th,9,,,
,,,,Naredla Alekhya Reddy,,,,,,
,,,11,K Bhargav Kumar,G108,Th,9,,,
MATH F113,PROBABILITY AND STATISTICS,3 - 3,1,MANISH KUMAR,G207,M W F,2,,01/05 FN,
,,,2,DK Satpathi,F208,M W F,2,,,
,,,3,B Mishra,F108,M W F,3,,,
,,,4,K Venkata Ratnam,F208,M W F,3,,,
,,,5,PTV Praveen Kumar,F108,M W F,8,,,
,,,6,Jagan Mohan J,G203,T Th S,2,,,
,,,7,Sumit Kumar V,G106,M W F,3,,,
,,,8,Santanu Koley,G204,T Th S,2,,,
,,,9,Debopam Chakraborthy,G105,T Th S,5,,,
,,,10,G Murali Mohan Reddy,G105,T Th S,2,,,
,,,11,Nirman Ganguly,G107,M W F,2,,,
,,,12,Sabyasachi Dey,G105,M W F,2,,,
,Tutorial,,1,Manish Kumar,G207,T,9,,,
,,,,Tusharakanta Pradhan,,,,,,
,,,2,DK Satpathi,F208,T,9,,,
Unnamed: 0,Unnamed: 1,Unnamed: 2,Unnamed: 3,Unnamed: 4,Unnamed: 5,Unnamed: 6,Unnamed: 7,Unnamed: 8,D H R,SESSION
,,,,A Karthik,,,,,,
,,,3,B Mishra F107,,T,9,,,
,,,,Agrawal Amarkumar Shyamsunder,,,,,,
,,,4,K Venkata Ratnam F207,,T,9,,,
,,,,Sanjay Mandal,,,,,,
,,,5,PTV Praveen Kumar F108,,T,9,,,
,,,,Basua Debananda,,,,,,
,,,6,Jagan Mohan J G105,,T,9,,,
,,,,N S Gopal,,,,,,
,,,7,Sumit Kumar V I114,,T,9,,,
,,,,T Ranjan Panigrahi,,,,,,
,,,8,Santanu Koley G108,,T,9,,,
,,,9,Debopam Chakraborthy I122,,T,9,,,
,,,10,G Murali Mohan Reddy G107,,T,9,,,
,,,11,Nirman Ganguly I210,,T,9,,,
,,,,Tapaswini Patro,,,,,,
,,,12,Sabyasachi Dey G204,,T,9,,,
MATH F213,DISCRETE MATHEMATICS,3 - 3,1,SABYASACHI DEY G208,,M W F,7,,13/05 FN,
MATH F241,MATHEMATICAL METHODS,3 - 3,1,SANTANU KOLEY G208,,M W F,4,,08/05 FN,
,,,,Jagan Mohan J,,,,,,
,Tutorial,,1,Santanu Koley J219,,Th,9,,,
,,,2,Jagan Mohan J J220,,Th,9,,,
MATH F242,OPERATIONS RESEARCH,3 - 3,1,PTV PRAVEEN KUMAR G208,,M W F,5,,14/05 FN,
,,,,DK Satpathi,,,,,,
,Tutorial,,1,DK Satpathi J219,,Th,1,,,
,,,2,PTV Praveen Kumar J220,,Th,1,,,
MATH F243,GRAPHS AND NETWORKS,3 - 3,1,PK SAHOO G208,,T Th S,5,,02/05 FN,
Unnamed: 0,Unnamed: 1,Unnamed: 2,Unnamed: 3,Unnamed: 4,Unnamed: 5,Unnamed: 6,Unnamed: 7,Unnamed: 8,D H R,SESSION
,,,,A Michael Alphonse,,,,,,
,Tutorial,,1,PK Sahoo,J219,T,9,,,
,,,2,A Michael Alphonse,J220,T,9,,,
MATH F244,MEASURE & INTEGRATION,3 - 3,1,K BHARGAV KUMAR,J219,T Th S,4,,12/05 AN,
,,,,Manish Kumar,,,,,,
,Tutorial,,1,Manish Kumar,J219,T,1,,,
,,,2,K Bhargav Kumar,J220,T,1,,,
MATH F266,STUDY PROJECT,- - 3,1,JAGAN MOHAN J,,,,,,
MATH F341,INTRO TO FUNCTIONAL ANAL,3 - 3,1,JHUMA SEN GUPTA,G208,T Th S,2,,04/05 AN,
,,,,Debopam Chakraborthy,,,,,,
,Tutorial,,1,Jhuma Sen Gupta,J219,M,1,,,
,,,2,Debopam Chakraborthy,J220,M,1,,,
MATH F342,DIFFERENTIAL GEOMETRY,3 - 3,1,B MISHRA,G208,T Th S,3,,06/05 AN,
,,,,Sumit Kumar V,,,,,,
,Tutorial,,1,B Mishra,J219,W,1,,,
,,,2,Sumit Kumar V,J220,W,1,,,
MATH F343,PARTIAL DIFF EQUATIONS,3 - 3,1,ANIL NEMILI,G208,M W F,9,,11/05 FN,
,,,,G Murali Mohan Reddy,,,,,,
,Tutorial,,1,Anil Nemili,J219,F,1,,,
,,,2,G Murali Mohan Reddy,J220,F,1,,,
MATH F353,STATISTICAL INFER & APP,3 - 3,1,V VENKATA HARA GOPAL,I113,M W F,7,,13/05 FN,
MATH F366,LABORATORY PROJECT,- - 3,1,K VENKATA RATNAM,,,,,,
MATH F367,LABORATORY PROJECT,- - 3,1,K VENKATA RATNAM,,,,,,
MATH F376,DESIGN PROJECT,- - 3,1,KISHORE KUMAR,,,,,,
MATH F377,DESIGN PROJECT,- - 3,1,KISHORE KUMAR,,,,,,
MATH F423,INTRODUCTION TO ALGEBRAIC,3 - 3,1,SHARAN GOPAL,I112,M W F,8,,14/05 AN,
,TOPOLOGY,,,,,,,,,
MATH F424,APPLIED STOCHASTIC PROCESS,3 1 4,1,NIRMAN GANGULY,I113,M W F,9,,11/05 FN,
Unnamed: 0,Unnamed: 1,Unnamed: 2,Unnamed: 3,Unnamed: 4,Unnamed: 5,Unnamed: 6,Unnamed: 7,Unnamed: 8,D H R,SESSION
MATH F471,NONLINEAR OPTIMIZATION,3 - 3,1,K VENKATA RATNAM I111,,M W F,8,,14/05 AN,
MATH F481,COMMUTATIVE ALGEBRA,3 - 3,1,PRATYUSHA CHATTOPADHYAAI112,,M W F,7,,13/05 FN,
ME F110,WORKSHOP PRACTICE,- 4 2,1,AMRITHA PRIYADARSHINI WS,,M W,4 5,,,
,,,,Akhil Bhardwaj,,,,,,
,,,,Ankit Sharma,,,,,,
,,,2,Chithajalu Kiran Sagar WS,,T Th,4 5,,,
,,,,P  Chennakesava Sai,,,,,,
,,,3,J Murali Mohan WS,,W F,7 8,,,
,,,,Patel Kuntal Himanshubhai,,,,,,
,,,4,Srinivasa Murali Kartheek S WS,,M T,7 8,,,
,,,,MD Abdul Wahed,,,,,,
,,,5,Jella Gangadhar WS,,F S,4 5,,,
,,,,Ronanki Suresh,,,,,,
ME F241,MACHINE DESIGN & DRAWING,3 1 4,1,NITIN RAMESH K F103,,M W F,4,,02/05 FN,
,Practical,,1,C Anand Badrish D208 A,,M,2 3,,,
,,,,Gauri Rajendra M,,,,,,
,,,2,C Anand Badrish D208 A,,W,7 8,,,
,,,,P Sandeep,,,,,,
,,,3,P Sandeep D208 A,,F,7 8,,,
,,,,Gauri Rajendra M,,,,,,
,Tutorial,,1,Nitin Ramesh K G202,,T,9,,,
,,,2,SP Regalla G203,,T,9,,,
,,,3,Brajesh Kumar Panigrahi G205,,T,9,,,
ME F242,IC ENGINES,2 - 2,1,S S DESHMUKH F104,,T Th,5,,08/05 FN,
,Tutorial,,1,Sama.Sanghamitra G202,,S,1,,,
,,,,S S Deshmukh,,,,,,
,,,2,P Ankamma Rao G203,,S,1,,,
Unnamed: 0,Unnamed: 1,Unnamed: 2,Unnamed: 3,Unnamed: 4,Unnamed: 5,Unnamed: 6,Unnamed: 7,Unnamed: 8,D H R,SESSION
,,,,S S Deshmukh,,,,,,
,,,3,Shaik Ayub Mohiddin,G205,S,1,,,
,,,,S S Deshmukh,,,,,,
ME F243,PRODUCTION TECHNIQUES I,2 1 3,1,N SURESH KUMAR REDDY,F103,M W,5,,14/05 FN,
,Practical,,1,Amar S D,WS,Th,9 10,,,
,,,,Gandla Praveen Kumar,,,,,,
,,,2,Pawan Kumar Chauhan,WS,W,2 3,,,
,,,,Gandla Praveen Kumar,,,,,,
,,,3,Amar S D,WS,F,2 3,,,
,,,,Pawan Kumar Chauhan,,,,,,
,Tutorial,,1,N Suresh Kumar Reddy,G202,T,1,,,
,,,2,Ravi Shanker Vidyarthy,G203,T,1,,,
,,,3,Sujith R,F205,W,1,,,
ME F244,KIN & DYN OF MACHINES,3 - 3,1,YV DASESWARA RAO,F104,T Th S,4,,12/05 AN,
,Tutorial,,1,YV Daseswara Rao,D208 C,Th,1,,,
,,,2,Inturi Vamsi,D208 A,Th,1,,,
,,,3,G Lakshmi Srinivas,D208 B,Th,1,,,
ME F266,STUDY PROJECT,- - 3,1,R PARAMESHWARAN,,,,,,
ME F341,PRIMEMOVERS & FLUID MACH,2 1 3,1,JEEVAN JAIDI,F207,T Th,2,,04/05 AN,
,Practical,,1,M Srinivas,E124,M,4 5,,,
,,,2,M Srinivas,E124,W,4 5,,,
,,,3,M Srinivas,E124,F,4 5,,,
,Tutorial,,1,Jeevan Jaidi,F207,S,2,,,
,,,2,KRC Murthy,F208,W,1,,,
ME F342,COMPUTER AIDED DESIGN,3 1 4,1,SP REGALLA,F103,T Th S,3,,06/05 AN,
,Practical,,1,Ramayee L,D208 A,M,4 5,,,
,,,,P V Sai Divya,,,,,,
Unnamed: 0,Unnamed: 1,Unnamed: 2,Unnamed: 3,Unnamed: 4,Unnamed: 5,Unnamed: 6,Unnamed: 7,Unnamed: 8,D H R,SESSION
,,,2,Ramayee L D208 A,,W,4 5,,,
,,,,Veeraiahgari Vamshi,,,,,,
,,,3,Veeraiahgari Vamshi D208 A,,Th,7 8,,,
,,,,P V Sai Divya,,,,,,
,Tutorial,,1,SP Regalla G101,,F,1,,,
,,,,TO BE ANNOUNCED,,,,,,
,,,2,Hemanth Mithun Praveen G103,,F,1,,,
,,,,SP Regalla,,,,,,
,,,3,Lanka Tata Rao G104,,F,1,,,
,,,,SP Regalla,,,,,,
ME F343,MECHANICAL VIBRATIONS,3 - 3,1,BRAJESH KUMAR PANIGRAHIF207,,M W F,3,,01/05 AN,
,Tutorial,,1,Brajesh Kumar Panigrahi F107,,M,1,,,
,,,2,YV Daseswara Rao F108,,M,1,,,
ME F344,ENGINEERING OPTIMIZATION,2 - 2,1,AMIT KUMAR GUPTA F104,,M W,2,,09/05 AN,
,Tutorial,,1,Vardhanapu Muralidhar G201,,F,2,,,
,,,,Amit Kumar Gupta,,,,,,
,,,2,V Venkateswara Rao G202,,F,2,,,
,,,,Amit Kumar Gupta,,,,,,
,,,3,Deepak Nabapure G204,,F,2,,,
,,,,Amit Kumar Gupta,,,,,,
ME F366,LABORATORY PROJECT,- - 3,1,RAVI SHANKER VIDYARTHY,,,,,,
ME F367,LABORATORY PROJECT,- - 3,1,RAVI SHANKER VIDYARTHY,,,,,,
ME F376,DESIGN PROJECT,- - 3,1,BRAJESH KUMAR PANIGRAHI,,,,,,
ME F377,DESIGN PROJECT,- - 3,1,BRAJESH KUMAR PANIGRAHI,,,,,,
ME F412,PRODUCT PLAN & CONTROL,3 - 3,1,AMRITHA PRIYADARSHINI G102,,M W F,9,,11/05 FN,
ME F420,POWER PLANT ENGINEERING,3 - 3,1,M SRINIVAS G202,,T Th S,5,,08/05 AN,
ME F423,MICRO-FLUIDICS & ITS APP,- - 4,1,SATISH K DUBEY G206,,T Th S,4,,12/05 FN,
Unnamed: 0,Unnamed: 1,Unnamed: 2,Unnamed: 3,Unnamed: 4,Unnamed: 5,Unnamed: 6,Unnamed: 7,Unnamed: 8,D H R,SESSION
,,,,Sanket Goel,,,,,,
,Practical,,,Satish K Dubey D208 B,,Th,6 7,,,
,,,,Sangam Srikanth,,,,,,
,,,,Sanket Goel,,,,,,
ME F452,COMPOSITE MATERIAL & DES,3 - 3,1,C P KIRAN G107,,M W F,8,,14/05 AN,
ME F461,REFRIGERATION & AIRCOND,3 - 3,1,S S DESHMUKH G101,,M W F,8,,14/05 AN,
ME F482,COMBUSTION,3 - 3,1,N JALAIAH F109,,M W F,8,,14/05 AN,
ME F483,WIND ENERGY,3 - 3,1,G R SABAREESH G107,,M W F,7,,13/05 FN,
ME F484,AUTOMOTIVE TECHNOLOGY,3 - 3,1,R PARAMESHWARAN G104,,T Th S,5,,08/05 AN,
ME G512,FINITE ELEMENT METHOD,- - 5,1,PARDHA SARADHI GURUGUBEGL2L0I6 V,,M W F,9,,11/05 FN,
,Practical,,,Pardha Saradhi Gurugubelli V D208 C,,W,4 5,,,
ME G513,HEATING & COOL OF BUILD,3 2 5,1,SANTANU PRASAD DATTA F202,,M W F,4,,02/05 FN,
,,,,S S Deshmukh,,,,,,
,Practical,,,Santanu Prasad Datta E221,,T,6 7,,,
,,,,Gi Venkata Naga Trivedi,,,,,,
,,,,Santanu Prasad Datta D208 C,,Th,6 7,,,
,,,,Gi Venkata Naga Trivedi,,,,,,
ME G515,COMPUT FLUID DYNAMICS,3 2 5,1,SUPRADEEPAN K I122,,T Th S,5,,08/05 FN,
,Practical,,,Supradeepan K D208 C,,T Th,8 9,,,
ME G516,ENERGY SYSTEMS,- - 5,1,R PARAMESHWARAN F201,,T Th S,2,,04/05 AN,
,ENGINEERING,,,,,,,,,
,Practical,,,Kandukuri Prudviraj E221,,M W,2 3,,,
ME G534,CONVECT HEAT & MASS TRAN,- - 5,1,JEEVAN JAIDI F202,,M W F,5,,14/05 FN,
,Practical,,,Jeevan Jaidi E111,,M W,9 10,,,
ME G536,THERMAL EQUIPMENT DESIGN,- - 5,1,SANTANU PRASAD DATTA F207,,T Th S,4,,12/05 FN,
,Practical,,,Satish K Dubey E111,,M,2 3,,,
,,,,B Sravya,,,,,,
,,,,Satish K Dubey D208 C,,W,2 3,,,
Unnamed: 0,Unnamed: 1,Unnamed: 2,Unnamed: 3,Unnamed: 4,Unnamed: 5,Unnamed: 6,Unnamed: 7,Unnamed: 8,D H R,SESSION
,,,,B Sravya,,,,,,
ME G611,COMP AIDED ANAL & DESIGN,2 3 5,1,KURRA SURESH,F203,M W F,5,,14/05 FN,
,Practical,,,Kurra Suresh,D208 B,M W,1 2 3,,,
,,,,Wankhede Pankaj Rambhauji,,,,,,
MEL G623,ADVANCED VLSI DESIGN,- - 5,1,SURYA SHANKAR DAN,I114,M W F,2,,04/05 AN,
,Practical,,,Surya Shankar Dan,I124,M F,9 10,,,
MEL G632,ANALOG IC DESIGN,3 2 5,1,SAROJ MONDAL,I114,T Th S,4,,12/05 AN,
,Practical,,,Saroj Mondal,I124,M W,7 8,,,
,,,,Arun Mohan B,,,,,,
MEL G641,CAD FOR IC DESIGN,3 2 5,1,S K CHATTERJEE,I113,T Th S,5,,08/05 FN,
,Practical,,,S K Chatterjee,I124,T Th,7 8,,,
,,,,Sravankumar Vittapu,,,,,,
MEL G642,VLSI ARCHITECTURE,2 2 4,1,SYED ERSHAD AHMED,I213,T Th,9,,06/05 AN,
,Practical,,,Syed Ershad Ahmed,I123,T Th,2 3,,,
,,,,Anil Kumar U,,,,,,
MF F242,MANUFACTURING MANAGEMENT,2 - 2,1,AMRITHA PRIYADARSHINI,G102,M W,9,,11/05 FN,
,Tutorial,,,Amritha Priyadarshini,G102,F,9,,,
MF F266,STUDY PROJECT,- - 3,1,R PARAMESHWARAN,,,,,,
MF F311,MECHATRONICS & AUTOMAT,2 1 3,1,KUNDAN KUMAR SINGH,G105,M W F,7,,13/05 FN,
,Practical,,,Kundan Kumar Singh,E210,Th,8 9,,,
,,,,Arshad Javed,,,,,,
MF F341,DESIGN OF MACHINE TOOLS,3 - 3,1,RAVI SHANKER VIDYARTHY,F204,M W F,3,,01/05 AN,
,Tutorial,,,Ravi Shanker Vidyarthy,F204,W,1,,,
MF F342,COMPUTER AIDED DESIGN,3 1 4,1,SP REGALLA,F103,T Th S,3,,06/05 AN,
,Practical,,1,Ramayee L,D208 A,M,4 5,,,
,,,,P V Sai Divya,,,,,,
,,,2,Ramayee L,D208 A,W,4 5,,,
Unnamed: 0,Unnamed: 1,Unnamed: 2,Unnamed: 3,Unnamed: 4,Unnamed: 5,Unnamed: 6,Unnamed: 7,Unnamed: 8,D H R,SESSION
,,,,Veeraiahgari Vamshi,,,,,,
,,,3,Veeraiahgari Vamshi D208 A,,Th,7 8,,,
,,,,P V Sai Divya,,,,,,
,Tutorial,,1,SP Regalla G101,,F,1,,,
,,,,TO BE ANNOUNCED,,,,,,
,,,2,Hemanth Mithun Praveen G103,,F,1,,,
,,,,SP Regalla,,,,,,
,,,3,Lanka Tata Rao G104,,F,1,,,
,,,,SP Regalla,,,,,,
MF F343,CASTING & WELDING,3 1 4,1,SUJITH R F204,,T Th S,2,,04/05 AN,
,Practical,,,Pavandatta Jadhav WS,,Th,7 8,,,
,Tutorial,,,Sujith R F204,,M,1,,,
MF F344,ENGINEERING OPTIMIZATION,2 - 2,1,AMIT KUMAR GUPTA F104,,M W,2,,09/05 AN,
,Tutorial,,1,Vardhanapu Muralidhar G201,,F,2,,,
,,,,Amit Kumar Gupta,,,,,,
,,,2,V Venkateswara Rao G202,,F,2,,,
,,,,Amit Kumar Gupta,,,,,,
,,,3,Deepak Nabapure G204,,F,2,,,
,,,,Amit Kumar Gupta,,,,,,
MF F366,LABORATORY PROJECT,- - 3,1,RAVI SHANKER VIDYARTHY,,,,,,
MF F367,LABORATORY PROJECT,- - 3,1,RAVI SHANKER VIDYARTHY,,,,,,
MF F376,DESIGN PROJECT,- - 3,1,BRAJESH KUMAR PANIGRAHI,,,,,,
MF F377,DESIGN PROJECT,- - 3,1,BRAJESH KUMAR PANIGRAHI,,,,,,
MF F418,LEAN MANUFACTURING,3 - 3,1,AMIT KUMAR GUPTA G105,,T Th S,4,,12/05 FN,
MF F421,SUPPLY CHAIN MANAGEMENT,- - 4,1,C P KIRAN G107,,T Th S,5,,08/05 AN,
MF F485,SUSTAINABLE MANUFACTURING,3 - 3,1,KUNDAN KUMAR SINGH G107,,T Th S,4,,12/05 FN,
MGTS F211,PRINCIPLES OF MANAGEMENT,3 - 3,1,SWATI ALOK F106,,M W F,9,,05/05 FN,
Unnamed: 0,Unnamed: 1,Unnamed: 2,Unnamed: 3,Unnamed: 4,Unnamed: 5,Unnamed: 6,Unnamed: 7,Unnamed: 8,D H R,SESSION
,Tutorial,,,Swati Alok F106,,F,1,,,
,,,,Rajthilak R,,,,,,
MST F332,MATERIALS PROCESSING,3 - 3,1,SUJITH R G207,,M W F,9,,11/05 FN,
,,,,Ramesh Babu A,,,,,,
MST G522,ADVANCED COMPOSITES,3 2 5,1,PAVAN KUMAR P F203,,T Th S,2,,04/05 AN,
,Practical,,,Pavan Kumar P E002,,M W,9 10,,,
PHA F212,DISPENSING PHARMACY,2 1 3,1,D SRIRAM G101,,M W,2,,09/05 AN,
,,,,V V Krishna Venuganti,,,,,,
,Practical,,1,D Sriram B212,,M,7 8,,,
,,,,Leela Sai Lokesh Janardhanam,,,,,,
,,,,Ridahunlang Nongkhlaw,,,,,,
,,,2,V V Krishna Venuganti B212,,W,7 8,,,
,,,,Anjali Gangwar,,,,,,
,,,,Girdhari Roy,,,,,,
,Tutorial,,,D Sriram G101,,F,2,,,
PHA F214,ANATOMY PHYSIO & HYGIENE,2 1 3,1,ARTI DHAR G104,,T Th,2,,06/05 AN,
,Practical,,1,Arti Dhar A009,,M,7 8,,,
,,,,D Deepika,,,,,,
,,,,Jaspreet Kaur Kalra,,,,,,
,,,2,Arti Dhar A009,,F,7 8,,,
,,,,Ashutosh Balasaheb Mahale,,,,,,
,,,,M Suresh Babu,,,,,,
,Tutorial,,,Arti Dhar G104,,S,2,,,
PHA F241,PHARMACEUTICAL CHEMISTRY,2 1 3,1,D SRIRAM G101,,M W,5,,14/05 FN,
,Practical,,1,D Sriram A025,,T,2 3,,,
,,,,Dasugari Varakala Saiprasad Goud,,,,,,
,,,,Lavanya S,,,,,,
Unnamed: 0,Unnamed: 1,Unnamed: 2,Unnamed: 3,Unnamed: 4,Unnamed: 5,Unnamed: 6,Unnamed: 7,Unnamed: 8,D H R,SESSION
,,,2,D Sriram,A025,Th,7 8,,,
,,,,Srashti Gopal Goyal,,,,,,
,,,,Sravani Pulya,,,,,,
,Tutorial,,,D Sriram,G101,F,5,,,
PHA F242,BIOLOGICAL CHEMISTRY,2 1 3,1,BALRAM GHOSH,G101,T Th,5,,08/05 FN,
,Practical,,1,Balram Ghosh,A024,Th,2 3,,,
,,,,Pravesh Sharma,,,,,,
,,,,Yamini Shankar Bobde,,,,,,
,,,2,Balram Ghosh,A024,S,7 8,,,
,,,,E Madhu Rekha,,,,,,
,Tutorial,,,Balram Ghosh,G101,S,5,,,
PHA F266,STUDY PROJECT,- - 3,1,NIRMAL J,,,,,,
PHA F313,INSTRU METHODS OF ANAL,2 1 4,1,A SAJELI BEGUM,G101,T Th,4,,12/05 AN,
,Practical,,1,A Sajeli Begum,B108,W,7 8 9,,,
,,,,Ch Sai Sanjay,,,,,,
,,,,Pragya Paramita Pal,,,,,,
,,,,S Kavitha,,,,,,
,,,2,A Sajeli Begum,B108,S,2 3 4,,,
,,,,Deepanjan Datta,,,,,,
,,,,Mohd Shareef Khan,,,,,,
,,,,Purbali Chakraborty,,,,,,
,Tutorial,,,A Sajeli Begum,G101,Th,1,,,
PHA F341,PHARMACOLOGY II,2 1 3,1,ONKAR KULKARNI,G102,T Th,2,,04/05 AN,
,Practical,,,Onkar Kulkarni,D208 C,M,4 5,,,
,,,,K Kalyani,,,,,,
,Tutorial,,,Onkar Kulkarni,G102,F,1,,,
PHA F342,MEDICINAL CHEMISTRY II,2 1 3,1,P YOGEESWARI,G102,T Th,3,,06/05 AN,
Unnamed: 0,Unnamed: 1,Unnamed: 2,Unnamed: 3,Unnamed: 4,Unnamed: 5,Unnamed: 6,Unnamed: 7,Unnamed: 8,D H R,SESSION
,Practical,,,P Yogeeswari,A025,W,4 5,,,
,,,,B Sony Priyanka,,,,,,
,,,,Routholla Ganesh,,,,,,
,Tutorial,,,P Yogeeswari,G102,W,1,,,
PHA F343,FORENSIC PHARMACY,2 - 2,1,BALRAM GHOSH,G102,W F,8,,14/05 AN,
,Tutorial,,,Balram Ghosh,G102,M,1,,,
PHA F344,NATURAL DRUGS,2 1 3,1,A SAJELI BEGUM,G102,M W,3,,01/05 AN,
,Practical,,,A Sajeli Begum,A009,Th,7 8,,,
,,,,Kirti,,,,,,
,,,,Samrun Nessa,,,,,,
,Tutorial,,,A Sajeli Begum,G102,F,3,,,
PHA F366,LABORATORY PROJECT,- - 3,1,NIRMAL J,,,,,,
PHA F367,LABORATORY PROJECT,- - 3,1,NIRMAL J,,,,,,
PHA F376,DESIGN PROJECT,- - 3,1,NIRMAL J,,,,,,
PHA F377,DESIGN PROJECT,- - 3,1,NIRMAL J,,,,,,
PHA F413,PHARMA MANG & QUAL CONTR,3 - 3,1,V V KRISHNA VENUGANTI,G102,T Th S,4,,12/05 FN,
PHA F414,BIOPHARMACEUTICS,3 - 3,1,NIRMAL J,G102,T Th S,5,,08/05 AN,
PHA G546,PHARMACEUTICAL BIO,3 - 3,1,R PUNNA RAO,F101,T Th S,3,,06/05 AN,
,STATISTICS,,,,,,,,,
PHA G613,PHARMACEUTICAL BIOTECH,3 2 5,1,NIRMAL J,G102,M W F,4,,02/05 FN,
,Practical,,,Nirmal J,B212,T,7 8 9 10,,,
,,,,Raghuraman Manimaran,,,,,,
PHA G616,PHARMA ADMIN & MANAGEMENT,3 2 5,1,AKASH C,G102,M W F,5,,09/05 AN,
,Practical,,,Akash C,B212,T Th,4 5,,,
,,,,Parameswar Patra,,,,,,
PHA G632,DOSAGE FORM DESIGN,2 3 5,1,R PUNNA RAO,G103,M W F,3,,04/05 AN,
,Practical,,,R Punna Rao,A022,M W,8 9,,,
,,,,Avantika Dalvi,,,,,,
Unnamed: 0,Unnamed: 1,Unnamed: 2,Unnamed: 3,Unnamed: 4,Unnamed: 5,Unnamed: 6,Unnamed: 7,Unnamed: 8,D H R,SESSION
,,,,Chandra Teja Uppuluri,,,,,,
PHA G642,LABORATORY PROJECT,- 6 6,1,SWATI BISWAS,,,,,,
PHY F110,PHYSICS LABORATORY,- 2 1,1,Kannan Ramaswamy,A222,M,4 5,,15/05 FN,
,,,,Haridev S R,,,,,,
,,,2,Kannan Ramaswamy,A222,W,4 5,,,
,,,,T Vicky Singh,,,,,,
,,,3,PRASANT SAMANTRAY,A222,M,7 8,,,
,,,,Nobleson K,,,,,,
,,,4,Prasant Samantray,A222,F,7 8,,,
,,,,Rahul Kumar Thakur,,,,,,
,,,5,Asrarul Haque,A222,T,4 5,,,
,,,,Sajia Yeasmin,,,,,,
,,,6,Asrarul Haque,A222,Th,4 5,,,
,,,,Yuganand Nellambakam,,,,,,
,,,7,Souri Banerjee,A222,F,4 5,,,
,,,,Surabhi Yadav,,,,,,
,,,8,Rahul Nigam,A222,W,7 8,,,
,,,,Waseem Ahmad Wani,,,,,,
,,,9,Sarmistha Banik,A222,S,4 5,,,
,,,,Ronit Mahapatra,,,,,,
,,,10,Sarmistha Banik,A222,T,7 8,,,
,,,,Nobleson K,,,,,,
,,,11,Rahul Nigam,A222,Th,7 8,,,
,,,,Sabur Ahmed Barbhuiya,,,,,,
PHY F111,MECH OSCIL & WAVES,3 - 3,1,K V Shiv Chaitanya,F105,T Th S,1,,04/05 FN,
,,,2,VSN Murthy,F104,T Th S,1,,,
,Tutorial,,1,PK THIRUVIKRAMAN,G201,T Th,3,,,
Unnamed: 0,Unnamed: 1,Unnamed: 2,Unnamed: 3,Unnamed: 4,Unnamed: 5,Unnamed: 6,Unnamed: 7,Unnamed: 8,D H R,SESSION
,,,2,PK Thiruvikraman,G201,F,1,,,
,,,,PK Thiruvikraman,G201,S,3,,,
,,,3,Sashideep Gutti,G202,T Th,3,,,
,,,4,Sashideep Gutti,G202,F,1,,,
,,,,Sashideep Gutti,G202,S,3,,,
,,,5,Prasant Samantray,G203,T Th,3,,,
,,,6,Prasant Samantray,G203,F,1,,,
,,,,Prasant Samantray,G203,S,3,,,
,,,7,Swastik Bhattacharya,G204,T Th,3,,,
,,,8,Swastik Bhattacharya,G204,F,1,,,
,,,,Swastik Bhattacharya,G204,S,3,,,
PHY F215,INTRO TO ASTRO & ASTROPH,3 - 3,1,SARMISTHA BANIK,G201,M W F,8,,14/05 AN,
PHY F241,ELECTROMAGNETIC THEORY II,3 1 4,1,SOURI BANERJEE,G201,T Th S,5,,08/05 FN,
,Tutorial,,,Souri Banerjee,G201,T,9,,,
PHY F242,QUANTUM MECHANICS I,3 - 3,1,SUBASH N. KARBELKAR,G201,T Th S,4,,12/05 AN,
,Tutorial,,,Subash N. Karbelkar,G201,Th,1,,,
PHY F243,MATHEMATICAL METHODS OF,3 - 3,1,RAHUL NIGAM,G201,M W F,5,,14/05 FN,
,PHYSICS,,,,,,,,,
,Tutorial,,,Rahul Nigam,G201,S,1,,,
PHY F244,MODERN PHYSICS LAB,- 2 2,1,SUBASH N. KARBELKAR,A211,M W,2 3,,,
,,,,VSN Murthy,,,,,,
,,,2,K V Shiv Chaitanya,A211,T Th,7 8,,,
,,,,Sateesh Kandukuri,,,,,,
PHY F266,STUDY PROJECT,- - 3,1,MEENAKSHI V,,,,,,
PHY F315,THEORY OF RELATIVITY,3 - 3,1,SWASTIK BHATTACHARYA,G203,M W F,9,,11/05 FN,
PHY F341,SOLID STATE PHYSICS,3 - 3,1,KANNAN RAMASWAMY,G205,T Th S,2,,04/05 AN,
,,,,B Harihara  Venkataraman,,,,,,
,Tutorial,,,Kannan Ramaswamy,G205,M,1,,,
Unnamed: 0,Unnamed: 1,Unnamed: 2,Unnamed: 3,Unnamed: 4,Unnamed: 5,Unnamed: 6,Unnamed: 7,Unnamed: 8,D H R,SESSION
,,,,B Harihara  Venkataraman,,,,,,
PHY F342,ATOMIC & MOLECULAR PHY,3 - 3,1,ARANYA BHUTI BHATTACHERJGE2E05,,T Th S,3,,06/05 AN,
,Tutorial,,,Aranya Bhuti Bhattacherjee G205,,W,1,,,
PHY F343,NUCLEAR & PARTICLE PHY,3 - 3,1,ASRARUL HAQUE G205,,M W F,10,,11/05 FN,
,Tutorial,,,Asrarul Haque G205,,F,1,,,
PHY F344,ADVANCED PHYSICS LAB,- 3 3,1,ARAVINDA N RAGHAVAN A224,,T Th,7 8 9,,,
,,,,Aiswarya N M,,,,,,
,,,,Meenakshi V,,,,,,
,,,2,Aravinda N Raghavan A224,,M W,7 8 9,,,
,,,,Meenakshi V,,,,,,
PHY F366,LABORATORY PROJECT,3 - 3,1,MEENAKSHI V,,,,,,
PHY F367,LABORATORY PROJECT,- - 3,1,MEENAKSHI V,,,,,,
PHY F376,DESIGN PROJECT,3 - 3,1,SARMISTHA BANIK,,,,,,
PHY F377,DESIGN PROJECT,- - 3,1,SARMISTHA BANIK,,,,,,
PHY F379,THIN FILM TECHNOLOGY,3 - 3,1,B HARIHARA  VENKATARAMANG202,,M W F,7,,13/05 FN,
PHY F420,QUANTUM OPTICS,3 1 4,1,ARANYA BHUTI BHATTACHERJGE2E02,,M W F,8,,14/05 AN,
PHY F431,GEOMETRICAL METHODS IN,3 - 3,1,SASHIDEEP GUTTI G206,,T Th S,5,,08/05 AN,
